V1,V2,V3,V4,V5,V6,V7,V8,V9,V10,V11,V12,V13,V14,V15,V16,V17,V18,V19,V20,
0%,1%,0%,0%,2%,12%,3%,0%,1%,0%,0%,6%,4%,0%,14%,35%,0%,1%,0%,18%,
0%,1%,0%,18%,0%,18%,1%,0%,0%,0%,0%,1%,2%,0%,0%,0%,55%,0%,0%,1%,
0%,0%,0%,0%,0%,0%,2%,0%,0%,95%,0%,0%,0%,0%,0%,0%,0%,0%,0%,0%,
45%,1%,0%,11%,1%,0%,1%,29%,0%,4%,0%,0%,0%,0%,0%,0%,0%,0%,0%,6%,
0%,1%,0%,6%,0%,14%,18%,0%,0%,5%,0%,8%,21%,0%,0%,1%,23%,1%,0%,1%,
0%,24%,0%,14%,42%,1%,1%,0%,2%,1%,0%,0%,1%,1%,0%,1%,0%,0%,7%,5%,
1%,2%,1%,3%,0%,2%,2%,1%,0%,0%,0%,5%,0%,1%,0%,4%,69%,8%,0%,1%,
0%,4%,0%,3%,5%,0%,1%,0%,81%,1%,1%,0%,0%,0%,1%,1%,0%,0%,0%,1%,
0%,4%,0%,1%,10%,1%,1%,0%,1%,70%,0%,0%,1%,0%,10%,0%,0%,0%,0%,1%,
1%,0%,80%,1%,1%,0%,1%,0%,0%,0%,0%,1%,0%,0%,0%,1%,0%,0%,0%,12%,
2%,0%,66%,1%,1%,1%,19%,0%,0%,0%,0%,1%,0%,0%,0%,3%,0%,2%,0%,4%,
0%,0%,93%,0%,0%,0%,1%,0%,0%,0%,0%,1%,0%,0%,0%,1%,0%,0%,0%,2%,
1%,1%,1%,6%,0%,0%,21%,10%,0%,1%,1%,1%,0%,0%,0%,2%,35%,0%,0%,19%,
0%,25%,0%,0%,41%,0%,0%,0%,1%,0%,0%,0%,1%,0%,30%,0%,0%,0%,0%,1%,
0%,1%,10%,1%,1%,0%,0%,0%,72%,0%,0%,0%,1%,0%,1%,2%,0%,0%,0%,9%,
0%,0%,92%,0%,0%,0%,1%,0%,0%,0%,0%,1%,0%,0%,0%,1%,0%,0%,0%,3%,
1%,0%,0%,0%,1%,0%,0%,0%,12%,0%,19%,0%,0%,0%,0%,1%,0%,63%,0%,1%,
0%,59%,0%,1%,8%,1%,1%,0%,1%,1%,0%,0%,2%,0%,0%,17%,0%,0%,2%,6%,
0%,12%,0%,1%,14%,0%,0%,0%,1%,0%,0%,0%,0%,0%,0%,1%,0%,0%,0%,71%,
1%,0%,5%,0%,1%,27%,37%,0%,0%,0%,0%,3%,1%,0%,0%,9%,0%,13%,0%,2%,
0%,6%,0%,1%,0%,1%,1%,0%,0%,1%,0%,16%,31%,0%,2%,2%,31%,6%,0%,2%,
0%,19%,0%,0%,71%,0%,0%,0%,3%,1%,0%,0%,0%,2%,1%,0%,0%,0%,1%,1%,
0%,0%,1%,2%,0%,0%,26%,0%,0%,0%,0%,0%,0%,0%,47%,0%,1%,16%,0%,4%,
0%,0%,1%,1%,33%,0%,0%,4%,43%,0%,16%,0%,0%,0%,0%,0%,0%,0%,0%,2%,
0%,1%,0%,14%,23%,0%,0%,0%,24%,0%,0%,0%,0%,26%,0%,0%,0%,0%,2%,8%,
0%,0%,29%,0%,0%,0%,1%,0%,0%,0%,51%,16%,0%,0%,0%,0%,0%,1%,0%,0%,
1%,2%,0%,0%,43%,1%,1%,0%,6%,1%,1%,0%,15%,0%,1%,20%,0%,1%,1%,7%,
0%,2%,0%,1%,3%,1%,1%,0%,0%,5%,0%,0%,59%,0%,0%,19%,0%,0%,0%,7%,
0%,0%,0%,0%,0%,11%,16%,0%,0%,12%,0%,13%,7%,0%,18%,14%,0%,7%,0%,1%,
0%,0%,0%,0%,0%,0%,0%,0%,0%,0%,0%,2%,3%,40%,0%,27%,0%,20%,7%,0%,
1%,0%,1%,0%,51%,11%,13%,0%,2%,0%,0%,0%,2%,0%,0%,13%,0%,1%,3%,2%,
0%,0%,0%,0%,53%,3%,6%,0%,0%,5%,0%,0%,26%,0%,0%,1%,0%,2%,2%,1%,
0%,0%,0%,1%,1%,0%,11%,0%,0%,7%,50%,1%,0%,0%,0%,25%,0%,1%,0%,1%,
62%,0%,7%,0%,0%,0%,20%,0%,0%,0%,8%,0%,0%,0%,0%,0%,0%,0%,0%,1%,
0%,0%,0%,1%,1%,0%,11%,0%,0%,13%,64%,5%,0%,0%,0%,1%,0%,1%,2%,1%,
0%,0%,0%,0%,0%,3%,1%,0%,0%,10%,0%,1%,1%,32%,0%,6%,0%,44%,0%,0%,
1%,0%,2%,3%,1%,5%,35%,0%,0%,1%,7%,7%,0%,0%,0%,26%,0%,2%,3%,5%,
0%,0%,0%,0%,5%,38%,53%,0%,0%,1%,0%,0%,0%,0%,0%,0%,0%,1%,0%,0%,
0%,0%,2%,1%,1%,0%,17%,1%,0%,1%,58%,1%,4%,0%,0%,5%,4%,1%,0%,4%,
0%,4%,0%,13%,28%,1%,3%,0%,0%,44%,0%,0%,1%,0%,0%,0%,0%,0%,1%,5%,
10%,0%,0%,0%,4%,9%,25%,0%,0%,3%,0%,7%,31%,0%,2%,1%,0%,5%,0%,1%,
0%,16%,1%,26%,3%,0%,1%,0%,33%,2%,2%,1%,2%,1%,1%,3%,1%,0%,1%,6%,
0%,34%,1%,2%,5%,0%,0%,0%,1%,0%,0%,1%,1%,0%,0%,3%,0%,0%,0%,51%,
2%,0%,0%,0%,2%,0%,74%,0%,0%,0%,10%,0%,0%,0%,0%,8%,0%,0%,0%,2%,
1%,2%,1%,0%,2%,1%,1%,0%,37%,1%,1%,2%,2%,0%,1%,43%,0%,1%,0%,5%,
0%,1%,0%,28%,1%,0%,0%,0%,0%,0%,0%,0%,50%,1%,0%,0%,0%,0%,0%,17%,
0%,1%,1%,22%,1%,0%,1%,0%,0%,0%,0%,0%,0%,0%,0%,1%,0%,0%,0%,69%,
1%,2%,1%,2%,12%,0%,2%,0%,1%,1%,1%,1%,2%,0%,1%,7%,0%,0%,0%,66%,
0%,2%,1%,7%,15%,0%,2%,0%,1%,1%,1%,0%,1%,0%,0%,5%,0%,0%,0%,63%,
3%,2%,6%,3%,1%,1%,5%,0%,1%,0%,0%,0%,1%,3%,0%,8%,0%,0%,0%,64%,
1%,0%,1%,8%,0%,1%,6%,0%,0%,10%,0%,13%,0%,49%,0%,1%,0%,0%,0%,10%,
0%,1%,0%,0%,2%,1%,6%,0%,0%,3%,0%,0%,65%,0%,0%,14%,0%,3%,0%,3%,
0%,15%,0%,0%,1%,1%,1%,0%,0%,0%,0%,0%,0%,0%,80%,0%,0%,0%,0%,1%,
1%,0%,0%,0%,2%,0%,2%,0%,0%,0%,0%,0%,0%,0%,0%,1%,0%,87%,0%,5%,
0%,1%,0%,0%,1%,51%,2%,0%,0%,0%,0%,0%,8%,0%,22%,1%,0%,1%,0%,11%,
0%,26%,2%,11%,8%,1%,1%,0%,2%,0%,0%,0%,31%,0%,4%,3%,0%,0%,1%,9%,
1%,0%,12%,0%,0%,3%,6%,0%,1%,0%,0%,20%,0%,0%,0%,10%,38%,1%,0%,4%,
0%,0%,0%,0%,99%,0%,0%,0%,0%,0%,0%,0%,0%,0%,0%,0%,0%,0%,0%,0%,
4%,0%,0%,0%,1%,25%,10%,0%,24%,25%,0%,0%,3%,0%,3%,2%,0%,2%,0%,1%,
0%,24%,16%,0%,0%,2%,0%,0%,0%,0%,0%,0%,0%,0%,10%,1%,0%,0%,0%,45%,
1%,0%,0%,1%,6%,7%,58%,0%,0%,1%,14%,2%,0%,0%,0%,1%,0%,0%,0%,9%,
0%,0%,0%,0%,99%,0%,0%,0%,0%,0%,0%,0%,0%,0%,0%,0%,0%,0%,0%,0%,
38%,5%,0%,0%,1%,1%,1%,0%,9%,1%,0%,0%,0%,0%,36%,4%,0%,1%,0%,1%,
0%,0%,3%,6%,0%,3%,13%,0%,0%,0%,0%,41%,0%,0%,0%,2%,19%,0%,0%,12%,
0%,1%,16%,2%,0%,0%,2%,3%,1%,0%,1%,9%,0%,0%,0%,15%,40%,1%,0%,6%,
11%,1%,7%,0%,15%,0%,3%,0%,1%,0%,0%,0%,4%,0%,0%,18%,0%,1%,0%,39%,
0%,0%,57%,1%,0%,0%,5%,0%,0%,0%,0%,1%,0%,0%,0%,1%,25%,0%,0%,9%,
15%,7%,1%,2%,3%,2%,3%,0%,1%,3%,0%,18%,18%,5%,2%,6%,1%,3%,3%,7%,
0%,0%,0%,0%,0%,4%,0%,0%,0%,8%,0%,0%,60%,0%,0%,1%,0%,21%,4%,0%,
3%,0%,0%,0%,0%,0%,94%,0%,0%,0%,0%,0%,0%,0%,0%,0%,0%,0%,0%,1%,
0%,0%,96%,0%,0%,0%,0%,0%,0%,0%,0%,0%,0%,0%,0%,1%,0%,0%,0%,1%,
0%,1%,33%,0%,0%,0%,0%,0%,0%,0%,0%,0%,0%,0%,0%,40%,0%,0%,0%,24%,
0%,1%,0%,0%,2%,23%,23%,0%,0%,1%,0%,0%,3%,0%,0%,15%,0%,30%,0%,1%,
0%,0%,0%,0%,74%,4%,5%,0%,0%,1%,0%,0%,8%,0%,0%,3%,0%,1%,1%,2%,
2%,42%,20%,0%,1%,0%,1%,0%,0%,0%,0%,1%,0%,0%,18%,6%,0%,1%,0%,6%,
2%,3%,0%,3%,27%,0%,0%,1%,34%,1%,1%,0%,0%,7%,12%,1%,0%,1%,3%,4%,
0%,11%,0%,13%,0%,0%,1%,0%,0%,0%,0%,0%,0%,0%,0%,2%,46%,0%,0%,25%,
3%,0%,0%,0%,0%,0%,0%,0%,0%,74%,0%,0%,0%,0%,0%,9%,0%,9%,4%,0%,
0%,16%,0%,10%,1%,4%,4%,0%,0%,1%,1%,2%,1%,27%,1%,23%,4%,0%,0%,4%,
0%,0%,0%,0%,74%,4%,5%,0%,0%,1%,0%,0%,8%,0%,0%,3%,0%,1%,1%,2%,
0%,11%,0%,13%,0%,0%,1%,0%,0%,0%,0%,0%,0%,0%,0%,2%,46%,0%,0%,25%,
0%,58%,0%,0%,13%,0%,0%,0%,0%,0%,0%,0%,1%,0%,0%,1%,0%,0%,26%,0%,
0%,0%,0%,1%,0%,0%,0%,0%,3%,0%,45%,4%,0%,0%,42%,0%,1%,0%,0%,1%,
0%,0%,0%,1%,1%,4%,37%,0%,0%,9%,0%,0%,43%,0%,0%,1%,0%,1%,0%,1%,
0%,1%,0%,12%,6%,1%,1%,0%,3%,0%,1%,0%,1%,0%,0%,3%,33%,0%,0%,37%,
0%,1%,6%,31%,10%,0%,0%,1%,6%,0%,5%,26%,0%,1%,0%,0%,0%,0%,4%,9%,
0%,1%,1%,6%,2%,0%,0%,57%,1%,0%,0%,0%,1%,0%,0%,0%,0%,0%,0%,30%,
0%,1%,0%,8%,0%,1%,4%,0%,0%,0%,0%,4%,0%,69%,0%,0%,0%,0%,0%,10%,
0%,0%,0%,0%,4%,66%,2%,0%,0%,0%,0%,8%,10%,0%,0%,2%,0%,0%,1%,5%,
0%,5%,0%,1%,1%,1%,1%,0%,3%,15%,0%,0%,45%,0%,1%,23%,0%,1%,0%,2%,
1%,0%,0%,0%,0%,0%,16%,0%,0%,1%,0%,52%,0%,0%,0%,0%,28%,1%,0%,0%,
1%,1%,77%,1%,1%,0%,2%,0%,0%,0%,1%,2%,0%,0%,1%,3%,1%,1%,0%,6%,
0%,0%,94%,0%,0%,0%,1%,0%,0%,0%,0%,1%,0%,0%,0%,1%,0%,0%,0%,2%,
0%,2%,8%,4%,1%,1%,0%,0%,15%,0%,0%,1%,0%,40%,23%,1%,0%,1%,1%,2%,
12%,0%,0%,0%,1%,1%,2%,1%,18%,0%,0%,1%,5%,0%,0%,3%,52%,1%,0%,2%,
5%,0%,2%,6%,1%,0%,3%,1%,1%,0%,0%,1%,1%,1%,4%,2%,44%,17%,0%,12%,
5%,0%,1%,0%,0%,1%,22%,0%,0%,0%,0%,11%,0%,0%,0%,2%,54%,1%,0%,3%,
1%,0%,0%,0%,0%,0%,23%,5%,0%,10%,14%,36%,0%,0%,0%,1%,1%,6%,0%,1%,
0%,1%,0%,0%,0%,48%,0%,0%,1%,45%,0%,1%,1%,0%,0%,0%,0%,0%,1%,0%,
0%,6%,0%,0%,0%,1%,0%,0%,0%,0%,0%,6%,12%,0%,0%,5%,68%,0%,0%,1%,
1%,1%,0%,2%,10%,2%,10%,0%,23%,21%,5%,7%,1%,0%,2%,2%,0%,1%,0%,13%,
0%,13%,4%,0%,0%,0%,0%,0%,0%,0%,0%,30%,1%,0%,0%,41%,0%,0%,7%,1%,
6%,0%,0%,0%,0%,0%,11%,0%,0%,0%,0%,0%,0%,0%,0%,1%,75%,3%,0%,2%,
0%,1%,0%,0%,2%,1%,0%,0%,0%,0%,0%,1%,0%,0%,0%,1%,0%,1%,93%,0%,
0%,1%,0%,0%,2%,1%,0%,0%,0%,0%,0%,1%,0%,0%,0%,1%,0%,1%,93%,0%,
7%,0%,0%,0%,34%,32%,17%,0%,0%,4%,0%,0%,1%,0%,0%,2%,0%,1%,1%,2%,
0%,9%,0%,1%,29%,17%,1%,0%,1%,0%,0%,0%,7%,0%,17%,1%,4%,0%,0%,12%,
1%,1%,0%,0%,0%,1%,19%,0%,0%,0%,0%,4%,0%,0%,10%,14%,2%,31%,0%,17%,
1%,0%,1%,0%,2%,2%,36%,0%,16%,1%,1%,21%,0%,0%,0%,2%,0%,11%,0%,3%,
0%,1%,0%,0%,0%,63%,6%,0%,0%,0%,0%,11%,0%,0%,0%,15%,0%,2%,0%,1%,
1%,0%,60%,1%,0%,0%,16%,0%,0%,0%,0%,1%,0%,0%,0%,1%,0%,0%,0%,19%,
1%,0%,3%,0%,1%,16%,11%,0%,0%,1%,2%,45%,0%,0%,4%,1%,0%,6%,8%,1%,
0%,1%,0%,0%,2%,1%,0%,0%,0%,0%,0%,1%,0%,0%,0%,1%,0%,1%,93%,0%,
14%,2%,4%,1%,1%,0%,1%,0%,16%,0%,0%,0%,1%,0%,0%,52%,0%,1%,0%,5%,
24%,0%,0%,0%,0%,0%,35%,0%,0%,8%,23%,7%,0%,0%,0%,0%,0%,0%,0%,1%,
0%,23%,0%,2%,30%,3%,0%,0%,6%,1%,0%,0%,0%,1%,0%,17%,0%,0%,1%,14%,
0%,0%,93%,0%,0%,0%,1%,0%,0%,0%,0%,1%,0%,0%,0%,1%,0%,3%,0%,1%,
0%,1%,0%,0%,2%,1%,0%,0%,0%,0%,0%,1%,0%,0%,0%,1%,0%,1%,93%,0%,
0%,55%,0%,1%,3%,0%,0%,0%,4%,0%,0%,0%,6%,0%,15%,1%,0%,0%,0%,13%,
0%,0%,10%,0%,0%,0%,0%,0%,0%,0%,0%,1%,0%,0%,0%,8%,78%,0%,0%,1%,
13%,0%,8%,3%,0%,0%,5%,0%,0%,0%,0%,5%,0%,0%,0%,15%,37%,1%,0%,11%,
0%,1%,0%,0%,2%,1%,0%,0%,0%,0%,0%,1%,0%,0%,0%,1%,0%,1%,93%,0%,
27%,0%,0%,0%,0%,0%,1%,0%,0%,0%,0%,0%,0%,0%,0%,1%,70%,0%,0%,0%,
2%,0%,1%,1%,75%,0%,6%,0%,0%,0%,6%,0%,0%,0%,0%,1%,0%,1%,2%,2%,
41%,0%,0%,0%,21%,0%,24%,0%,0%,0%,0%,0%,0%,0%,0%,1%,0%,0%,0%,11%,
15%,0%,0%,7%,1%,0%,32%,0%,0%,1%,0%,0%,31%,0%,0%,1%,0%,4%,0%,7%,
10%,0%,0%,0%,1%,1%,35%,0%,23%,3%,0%,0%,3%,0%,1%,6%,0%,1%,0%,14%,
1%,1%,0%,0%,19%,16%,34%,0%,0%,1%,0%,0%,2%,0%,0%,15%,0%,3%,0%,6%,
0%,9%,0%,0%,28%,58%,0%,0%,0%,0%,0%,0%,2%,0%,0%,0%,0%,0%,1%,0%,
0%,6%,0%,0%,22%,65%,0%,0%,1%,0%,0%,0%,0%,0%,0%,0%,0%,0%,4%,0%,
0%,1%,0%,2%,0%,0%,4%,0%,0%,70%,0%,0%,0%,0%,0%,2%,0%,0%,0%,20%,
0%,1%,0%,0%,2%,1%,0%,0%,0%,0%,0%,1%,0%,0%,0%,1%,0%,1%,93%,0%,
1%,3%,12%,1%,48%,0%,1%,0%,7%,0%,1%,1%,1%,2%,0%,9%,0%,1%,1%,11%,
11%,1%,1%,0%,2%,0%,3%,3%,0%,0%,0%,0%,0%,0%,7%,1%,5%,0%,0%,66%,
0%,0%,47%,0%,0%,0%,1%,0%,0%,0%,0%,0%,3%,0%,0%,29%,0%,0%,0%,17%,
0%,0%,11%,0%,0%,2%,2%,0%,0%,0%,0%,3%,0%,1%,0%,3%,39%,6%,0%,31%,
0%,0%,47%,0%,0%,0%,1%,0%,0%,0%,0%,0%,3%,0%,0%,29%,0%,0%,0%,17%,
0%,1%,0%,0%,9%,0%,1%,0%,3%,1%,0%,0%,54%,0%,0%,23%,0%,0%,0%,6%,
0%,1%,0%,92%,0%,0%,1%,0%,0%,0%,0%,0%,0%,0%,0%,0%,0%,0%,0%,3%,
0%,0%,0%,0%,0%,77%,10%,0%,0%,0%,0%,0%,10%,0%,0%,0%,0%,1%,0%,0%,
0%,1%,0%,92%,0%,0%,1%,0%,0%,0%,0%,0%,0%,0%,0%,0%,0%,0%,0%,3%,
0%,2%,0%,0%,0%,39%,11%,0%,0%,0%,0%,0%,40%,0%,0%,5%,0%,0%,0%,1%,
3%,0%,0%,0%,0%,0%,96%,0%,0%,0%,0%,0%,0%,0%,0%,0%,0%,0%,0%,0%,
23%,0%,0%,0%,17%,0%,51%,0%,0%,0%,0%,0%,0%,0%,0%,1%,0%,0%,0%,7%,
0%,0%,0%,1%,2%,0%,0%,0%,6%,0%,23%,1%,2%,0%,0%,45%,0%,0%,0%,17%,
1%,0%,0%,0%,58%,1%,22%,0%,0%,1%,0%,0%,1%,0%,0%,6%,0%,2%,0%,7%,
0%,0%,0%,0%,1%,1%,0%,0%,86%,10%,0%,0%,1%,0%,0%,0%,0%,0%,0%,0%,
0%,81%,0%,1%,5%,0%,0%,0%,1%,0%,0%,0%,1%,0%,0%,2%,0%,0%,0%,7%,
0%,1%,1%,2%,0%,0%,0%,0%,1%,0%,0%,2%,0%,56%,0%,1%,0%,0%,0%,34%,
55%,0%,0%,0%,8%,0%,0%,0%,2%,0%,0%,0%,0%,0%,13%,1%,0%,0%,0%,18%,
0%,0%,1%,3%,0%,0%,1%,0%,1%,0%,0%,0%,1%,0%,12%,1%,0%,11%,0%,68%,
0%,1%,0%,4%,0%,0%,2%,0%,0%,83%,0%,1%,0%,0%,0%,2%,0%,0%,0%,5%,
1%,0%,0%,0%,1%,55%,1%,0%,0%,1%,0%,0%,2%,0%,0%,0%,0%,14%,23%,0%,
0%,14%,0%,0%,2%,0%,0%,0%,34%,1%,0%,0%,1%,0%,0%,42%,0%,0%,0%,4%,
1%,0%,1%,1%,1%,0%,3%,10%,1%,0%,48%,3%,0%,0%,0%,18%,5%,1%,0%,4%,
0%,5%,0%,63%,6%,0%,0%,0%,12%,1%,0%,0%,0%,1%,0%,0%,0%,0%,0%,9%,
0%,0%,0%,40%,13%,0%,3%,0%,0%,1%,30%,0%,0%,0%,0%,1%,0%,0%,0%,10%,
0%,0%,0%,0%,3%,1%,31%,0%,0%,8%,0%,0%,51%,0%,0%,2%,0%,1%,0%,2%,
0%,9%,0%,0%,77%,0%,0%,0%,0%,0%,0%,0%,0%,0%,0%,2%,0%,0%,10%,0%,
40%,0%,1%,3%,22%,0%,7%,1%,1%,1%,0%,0%,0%,0%,0%,1%,0%,0%,0%,22%,
0%,13%,0%,1%,1%,3%,1%,0%,4%,7%,0%,16%,8%,0%,13%,8%,1%,8%,1%,16%,
6%,0%,0%,0%,5%,0%,0%,0%,0%,0%,0%,0%,0%,11%,0%,1%,0%,72%,3%,0%,
7%,0%,0%,0%,0%,0%,87%,0%,0%,0%,0%,0%,0%,0%,0%,1%,0%,1%,0%,2%,
0%,3%,0%,0%,3%,1%,0%,0%,1%,0%,0%,1%,13%,0%,0%,58%,0%,12%,6%,1%,
0%,0%,67%,1%,4%,1%,3%,0%,0%,0%,0%,9%,0%,0%,0%,1%,0%,0%,0%,13%,
99%,0%,0%,0%,0%,0%,1%,0%,0%,0%,0%,0%,0%,0%,0%,0%,0%,0%,0%,0%,
2%,0%,26%,1%,1%,1%,35%,0%,17%,0%,2%,2%,0%,0%,1%,2%,1%,7%,0%,2%,
0%,1%,39%,1%,0%,1%,2%,0%,0%,0%,1%,47%,0%,0%,1%,2%,2%,1%,0%,3%,
0%,7%,1%,14%,3%,0%,1%,0%,1%,1%,35%,18%,0%,1%,1%,2%,1%,0%,1%,12%,
1%,0%,1%,2%,0%,0%,35%,0%,0%,0%,0%,1%,0%,0%,0%,3%,0%,44%,0%,11%,
99%,0%,0%,0%,0%,0%,1%,0%,0%,0%,0%,0%,0%,0%,0%,0%,0%,0%,0%,0%,
1%,0%,0%,1%,28%,1%,54%,0%,0%,1%,0%,0%,1%,0%,0%,2%,0%,0%,0%,11%,
0%,1%,1%,46%,0%,0%,9%,0%,0%,0%,0%,1%,0%,0%,0%,1%,36%,0%,0%,4%,
5%,0%,1%,0%,0%,1%,75%,0%,0%,0%,0%,6%,0%,0%,0%,1%,0%,8%,0%,2%,
7%,0%,1%,3%,0%,0%,76%,0%,0%,0%,0%,1%,0%,0%,1%,0%,0%,6%,0%,2%,
1%,0%,0%,0%,1%,12%,28%,0%,3%,2%,0%,15%,0%,0%,1%,1%,0%,18%,0%,16%,
32%,1%,1%,0%,3%,3%,20%,0%,1%,2%,0%,1%,10%,0%,2%,14%,0%,7%,0%,4%,
1%,2%,5%,0%,21%,2%,2%,0%,1%,0%,1%,5%,3%,0%,1%,34%,0%,7%,1%,13%,
0%,2%,53%,1%,0%,0%,1%,0%,0%,0%,0%,0%,1%,0%,0%,17%,0%,0%,0%,24%,
0%,0%,0%,6%,0%,0%,9%,0%,0%,0%,0%,1%,0%,0%,0%,5%,65%,0%,0%,13%,
0%,0%,96%,0%,0%,0%,0%,0%,0%,0%,0%,0%,0%,0%,0%,1%,0%,0%,0%,1%,
1%,0%,4%,0%,1%,1%,1%,0%,48%,0%,1%,4%,1%,1%,1%,10%,0%,8%,0%,18%,
8%,11%,0%,0%,1%,36%,7%,0%,6%,23%,0%,1%,0%,0%,1%,2%,0%,0%,3%,1%,
0%,0%,1%,21%,0%,0%,1%,0%,0%,0%,0%,0%,0%,0%,0%,1%,56%,0%,0%,19%,
0%,3%,0%,11%,0%,0%,1%,6%,0%,0%,0%,0%,0%,0%,0%,3%,57%,0%,0%,17%,
0%,1%,0%,1%,0%,0%,0%,0%,0%,0%,0%,13%,0%,0%,0%,2%,78%,0%,0%,4%,
0%,4%,0%,15%,0%,1%,0%,0%,0%,0%,0%,1%,0%,0%,0%,0%,75%,0%,0%,2%,
0%,1%,0%,0%,0%,5%,4%,0%,0%,1%,0%,9%,5%,0%,9%,4%,50%,7%,0%,3%,
0%,2%,2%,0%,8%,0%,0%,0%,0%,0%,0%,0%,1%,0%,0%,66%,0%,0%,0%,20%,
0%,1%,0%,1%,1%,1%,3%,0%,1%,83%,0%,2%,1%,0%,1%,1%,0%,1%,0%,2%,
14%,0%,0%,1%,1%,0%,79%,0%,0%,0%,0%,0%,0%,0%,0%,1%,0%,1%,0%,2%,
1%,0%,0%,1%,0%,0%,88%,0%,0%,0%,0%,0%,0%,0%,0%,1%,0%,1%,0%,6%,
1%,1%,79%,1%,1%,0%,2%,0%,0%,0%,0%,2%,0%,0%,1%,3%,0%,1%,0%,6%,
1%,0%,0%,1%,27%,0%,29%,0%,0%,1%,23%,0%,9%,0%,0%,3%,0%,1%,0%,5%,
1%,0%,0%,0%,30%,1%,63%,0%,0%,1%,0%,0%,0%,0%,0%,1%,0%,0%,0%,2%,
9%,0%,0%,1%,34%,0%,26%,0%,0%,0%,0%,0%,0%,0%,0%,2%,0%,0%,0%,26%,
7%,0%,0%,0%,1%,0%,0%,0%,1%,0%,0%,0%,71%,0%,0%,10%,0%,9%,0%,1%,
0%,0%,0%,0%,1%,1%,0%,0%,28%,1%,0%,0%,49%,0%,0%,16%,0%,0%,1%,1%,
0%,0%,0%,1%,0%,0%,0%,0%,0%,0%,0%,0%,0%,65%,0%,1%,0%,0%,0%,32%,
22%,4%,1%,3%,23%,1%,24%,6%,1%,5%,0%,0%,1%,0%,0%,5%,0%,0%,1%,3%,
1%,1%,0%,0%,31%,12%,0%,0%,26%,0%,0%,0%,1%,0%,0%,17%,0%,2%,6%,1%,
1%,0%,1%,1%,5%,0%,4%,0%,0%,0%,0%,0%,0%,0%,0%,1%,0%,48%,0%,37%,
0%,5%,0%,1%,1%,1%,0%,0%,1%,0%,0%,26%,0%,3%,0%,1%,0%,0%,0%,59%,
0%,6%,0%,2%,32%,0%,1%,3%,3%,5%,1%,5%,1%,0%,0%,1%,9%,0%,0%,32%,
0%,0%,13%,4%,0%,0%,2%,0%,0%,0%,0%,40%,0%,2%,0%,1%,11%,0%,0%,25%,
0%,1%,69%,1%,0%,1%,2%,0%,0%,0%,1%,14%,0%,1%,1%,3%,1%,2%,0%,4%,
0%,1%,0%,0%,2%,1%,0%,0%,0%,1%,0%,1%,1%,0%,0%,1%,0%,1%,90%,1%,
0%,0%,0%,0%,0%,0%,0%,0%,2%,0%,0%,8%,10%,0%,0%,15%,50%,0%,0%,13%,
0%,1%,0%,0%,0%,0%,0%,0%,0%,0%,0%,0%,0%,55%,0%,41%,0%,1%,0%,1%,
11%,0%,2%,0%,17%,7%,1%,0%,0%,0%,0%,1%,11%,0%,0%,4%,0%,12%,33%,1%,
0%,0%,0%,3%,0%,0%,95%,0%,0%,0%,0%,0%,0%,0%,0%,0%,0%,0%,0%,0%,
0%,0%,0%,1%,0%,0%,98%,0%,0%,0%,0%,0%,0%,0%,0%,0%,0%,0%,0%,0%,
0%,0%,0%,3%,0%,1%,95%,0%,0%,0%,0%,0%,0%,0%,0%,0%,0%,0%,0%,0%,
0%,0%,0%,2%,0%,0%,95%,0%,0%,0%,0%,0%,0%,0%,0%,0%,0%,0%,0%,1%,
0%,1%,0%,92%,0%,0%,1%,0%,0%,0%,0%,0%,0%,0%,0%,0%,0%,0%,0%,3%,
1%,0%,0%,0%,43%,1%,5%,0%,0%,0%,0%,0%,2%,0%,0%,18%,0%,27%,0%,1%,
0%,1%,0%,0%,51%,0%,0%,0%,1%,29%,0%,0%,12%,0%,0%,1%,0%,0%,1%,1%,
0%,0%,0%,0%,3%,1%,0%,0%,83%,0%,0%,2%,0%,0%,0%,6%,0%,0%,0%,2%,
0%,0%,67%,0%,16%,0%,1%,0%,0%,0%,8%,1%,0%,0%,0%,1%,0%,1%,0%,3%,
0%,1%,1%,1%,1%,5%,0%,0%,24%,1%,0%,5%,1%,4%,5%,1%,0%,0%,7%,43%,
9%,1%,1%,1%,53%,1%,2%,0%,1%,1%,1%,10%,1%,0%,0%,6%,0%,2%,6%,3%,
10%,2%,0%,0%,40%,10%,2%,0%,0%,1%,0%,25%,1%,0%,0%,2%,0%,5%,1%,1%,
0%,0%,0%,0%,0%,0%,0%,0%,0%,0%,0%,0%,99%,0%,0%,0%,0%,0%,0%,0%,
0%,0%,0%,0%,0%,0%,0%,0%,0%,0%,0%,0%,94%,0%,0%,0%,3%,0%,0%,0%,
0%,0%,0%,0%,0%,0%,0%,0%,0%,0%,0%,0%,99%,0%,0%,0%,0%,0%,0%,0%,
0%,0%,93%,0%,0%,0%,1%,0%,0%,0%,0%,1%,0%,0%,0%,1%,0%,0%,0%,2%,
6%,0%,0%,1%,5%,0%,7%,0%,0%,0%,0%,0%,0%,0%,0%,1%,0%,36%,0%,42%,
0%,0%,0%,2%,0%,1%,96%,0%,0%,0%,0%,0%,0%,0%,0%,0%,0%,0%,0%,0%,
2%,0%,1%,14%,1%,0%,11%,2%,0%,0%,20%,1%,0%,0%,0%,2%,13%,0%,0%,31%,
29%,1%,0%,0%,44%,20%,3%,0%,0%,1%,0%,0%,0%,0%,0%,1%,0%,0%,1%,1%,
4%,3%,0%,0%,0%,1%,4%,0%,0%,32%,0%,13%,0%,0%,8%,32%,0%,1%,1%,1%,
41%,17%,0%,0%,7%,0%,2%,0%,0%,0%,0%,0%,0%,0%,0%,29%,0%,0%,0%,1%,
0%,0%,0%,0%,0%,0%,0%,0%,0%,0%,0%,0%,0%,0%,99%,0%,0%,0%,0%,0%,
0%,0%,0%,0%,0%,0%,0%,0%,0%,0%,0%,0%,0%,0%,99%,0%,0%,0%,0%,0%,
0%,82%,0%,0%,15%,0%,0%,0%,0%,0%,0%,0%,0%,0%,0%,0%,0%,0%,1%,0%,
2%,6%,0%,0%,1%,5%,8%,0%,0%,1%,0%,0%,32%,0%,38%,2%,0%,1%,0%,2%,
0%,5%,0%,9%,1%,1%,1%,0%,0%,72%,0%,2%,1%,1%,0%,1%,0%,0%,5%,2%,
0%,1%,0%,0%,0%,63%,2%,0%,0%,0%,0%,29%,0%,0%,0%,1%,0%,3%,0%,0%,
19%,1%,16%,1%,25%,2%,2%,0%,3%,0%,0%,0%,2%,0%,1%,1%,0%,1%,19%,7%,
0%,0%,1%,0%,0%,11%,1%,0%,0%,0%,0%,0%,37%,0%,14%,1%,0%,34%,0%,0%,
0%,5%,0%,0%,2%,7%,0%,0%,1%,0%,0%,0%,40%,0%,39%,1%,0%,0%,0%,2%,
0%,30%,0%,1%,0%,5%,1%,0%,0%,1%,0%,37%,1%,1%,1%,3%,17%,1%,0%,1%,
0%,0%,0%,0%,65%,0%,0%,0%,14%,0%,0%,0%,0%,0%,0%,1%,0%,0%,0%,18%,
0%,26%,0%,0%,8%,2%,0%,0%,0%,0%,0%,0%,9%,0%,0%,36%,0%,0%,1%,17%,
19%,0%,0%,0%,30%,1%,32%,0%,0%,0%,0%,0%,0%,0%,0%,6%,0%,0%,0%,10%,
0%,1%,0%,1%,1%,0%,0%,0%,75%,0%,0%,1%,0%,17%,0%,1%,0%,0%,0%,2%,
1%,15%,0%,2%,53%,2%,22%,0%,0%,1%,0%,0%,1%,0%,0%,1%,0%,0%,0%,2%,
0%,5%,0%,7%,1%,1%,1%,0%,0%,76%,0%,2%,0%,1%,0%,1%,0%,0%,4%,1%,
0%,2%,0%,4%,0%,0%,0%,0%,0%,0%,0%,0%,0%,0%,0%,1%,11%,0%,0%,81%,
0%,1%,0%,7%,2%,0%,0%,0%,15%,2%,47%,0%,0%,0%,12%,0%,0%,0%,0%,12%,
0%,1%,0%,0%,2%,1%,0%,0%,0%,0%,0%,1%,0%,0%,0%,1%,0%,1%,93%,0%,
1%,1%,0%,0%,8%,1%,25%,0%,0%,0%,0%,0%,0%,0%,0%,24%,0%,0%,0%,39%,
1%,1%,2%,2%,1%,3%,2%,0%,8%,0%,0%,1%,0%,7%,0%,2%,37%,0%,0%,32%,
0%,1%,0%,2%,3%,0%,1%,0%,12%,2%,5%,5%,5%,0%,0%,55%,1%,1%,1%,5%,
10%,0%,0%,0%,30%,0%,39%,0%,0%,0%,0%,0%,0%,0%,0%,9%,0%,1%,0%,9%,
0%,0%,1%,2%,1%,1%,2%,0%,3%,1%,8%,3%,1%,1%,1%,8%,0%,55%,6%,5%,
0%,1%,0%,26%,1%,0%,1%,0%,0%,0%,4%,0%,0%,0%,0%,1%,7%,0%,0%,55%,
0%,0%,0%,9%,1%,0%,78%,0%,0%,1%,0%,0%,0%,0%,0%,0%,0%,0%,0%,9%,
0%,0%,0%,0%,11%,54%,2%,0%,0%,0%,0%,0%,1%,0%,0%,16%,0%,0%,0%,14%,
0%,0%,0%,9%,0%,21%,64%,0%,0%,4%,0%,0%,0%,0%,0%,0%,0%,0%,0%,0%,
1%,3%,0%,1%,3%,1%,1%,0%,73%,2%,1%,1%,2%,1%,2%,3%,0%,1%,1%,5%,
0%,0%,0%,0%,0%,0%,0%,0%,0%,0%,0%,0%,0%,0%,0%,1%,0%,18%,78%,0%,
0%,0%,0%,0%,0%,0%,0%,0%,0%,1%,0%,0%,1%,0%,8%,0%,0%,18%,70%,0%,
0%,1%,0%,0%,2%,1%,0%,0%,0%,0%,0%,1%,0%,0%,0%,1%,0%,1%,93%,0%,
0%,0%,0%,0%,15%,0%,0%,0%,73%,0%,0%,0%,0%,0%,0%,0%,0%,0%,0%,10%,
0%,7%,0%,0%,6%,0%,0%,0%,4%,0%,0%,0%,17%,0%,0%,34%,0%,0%,0%,30%,
0%,1%,1%,4%,2%,0%,0%,0%,7%,0%,10%,3%,15%,0%,0%,40%,3%,0%,0%,11%,
0%,6%,0%,1%,8%,1%,1%,0%,2%,1%,0%,1%,48%,0%,1%,19%,0%,1%,1%,8%,
0%,1%,0%,3%,0%,0%,11%,3%,0%,5%,0%,11%,0%,0%,11%,1%,43%,1%,0%,8%,
0%,7%,0%,2%,12%,0%,1%,0%,0%,1%,0%,9%,45%,0%,0%,10%,0%,0%,1%,10%,
1%,0%,1%,2%,2%,0%,6%,0%,1%,0%,44%,1%,0%,0%,0%,4%,1%,1%,0%,36%,
0%,1%,0%,0%,1%,2%,1%,0%,0%,2%,0%,1%,16%,0%,58%,1%,0%,4%,12%,1%,
0%,0%,15%,1%,1%,0%,1%,0%,0%,0%,2%,1%,38%,0%,0%,28%,0%,1%,0%,11%,
0%,76%,0%,1%,7%,0%,0%,0%,1%,0%,0%,0%,0%,0%,0%,1%,0%,0%,0%,12%,
0%,1%,0%,0%,2%,60%,4%,0%,0%,0%,0%,0%,3%,0%,0%,21%,0%,0%,0%,7%,
0%,62%,1%,2%,2%,0%,1%,3%,1%,1%,0%,6%,0%,1%,1%,2%,1%,0%,0%,16%,
1%,1%,0%,0%,5%,68%,6%,0%,0%,0%,0%,0%,4%,0%,0%,7%,0%,1%,1%,4%,
0%,1%,0%,0%,5%,71%,2%,0%,0%,0%,0%,0%,1%,0%,0%,14%,0%,0%,0%,5%,
35%,0%,1%,0%,2%,2%,11%,0%,1%,1%,0%,5%,9%,0%,1%,13%,0%,8%,0%,10%,
0%,0%,0%,0%,0%,0%,0%,99%,0%,0%,0%,0%,0%,0%,0%,0%,0%,0%,0%,0%,
0%,0%,0%,0%,0%,0%,0%,99%,0%,0%,0%,0%,0%,0%,0%,0%,0%,0%,0%,0%,
0%,1%,0%,0%,0%,38%,21%,0%,0%,11%,0%,23%,0%,0%,1%,2%,1%,1%,0%,1%,
0%,0%,0%,0%,0%,0%,0%,0%,0%,0%,0%,0%,26%,11%,0%,2%,0%,58%,0%,0%,
23%,0%,1%,0%,11%,0%,33%,0%,0%,0%,8%,0%,0%,0%,0%,1%,0%,18%,0%,4%,
0%,2%,0%,1%,1%,1%,1%,0%,0%,34%,0%,51%,0%,0%,0%,1%,0%,1%,6%,1%,
0%,64%,0%,1%,22%,1%,5%,0%,0%,1%,0%,0%,1%,0%,0%,1%,0%,0%,0%,4%,
0%,1%,2%,23%,0%,0%,2%,1%,28%,1%,4%,1%,0%,2%,18%,1%,9%,0%,0%,7%,
3%,1%,2%,3%,2%,3%,57%,0%,0%,2%,1%,3%,1%,0%,1%,6%,1%,4%,0%,10%,
0%,20%,0%,0%,32%,0%,0%,0%,1%,0%,0%,0%,1%,0%,0%,25%,0%,0%,0%,20%,
19%,2%,1%,8%,12%,1%,1%,0%,2%,1%,0%,0%,1%,3%,22%,1%,0%,18%,5%,2%,
0%,1%,1%,6%,12%,0%,0%,0%,16%,0%,18%,0%,1%,0%,0%,2%,0%,0%,0%,41%,
0%,3%,0%,5%,52%,0%,1%,0%,0%,0%,0%,0%,1%,0%,0%,5%,0%,0%,0%,30%,
0%,0%,0%,16%,1%,0%,1%,0%,1%,12%,5%,18%,0%,3%,29%,0%,0%,0%,0%,13%,
0%,0%,18%,0%,0%,0%,2%,0%,0%,0%,0%,1%,0%,0%,0%,0%,78%,0%,0%,1%,
0%,0%,0%,0%,0%,0%,0%,99%,0%,0%,0%,0%,0%,0%,0%,0%,0%,0%,0%,0%,
0%,0%,0%,0%,0%,0%,2%,97%,0%,0%,0%,0%,0%,0%,0%,0%,0%,0%,0%,0%,
0%,0%,0%,0%,0%,0%,2%,97%,0%,0%,0%,0%,0%,0%,0%,0%,0%,0%,0%,0%,
0%,0%,0%,0%,0%,5%,30%,0%,0%,27%,0%,13%,1%,0%,0%,19%,0%,1%,0%,1%,
0%,0%,0%,0%,1%,32%,31%,0%,0%,2%,0%,3%,10%,0%,0%,3%,0%,8%,0%,7%,
0%,0%,93%,0%,0%,0%,1%,0%,0%,0%,0%,1%,0%,0%,0%,1%,0%,0%,0%,2%,
69%,0%,0%,0%,25%,0%,1%,0%,0%,1%,0%,0%,0%,0%,1%,0%,0%,0%,0%,2%,
81%,0%,0%,0%,9%,0%,1%,0%,0%,2%,0%,0%,0%,0%,0%,1%,0%,0%,0%,4%,
84%,0%,0%,0%,7%,0%,1%,0%,0%,0%,0%,0%,0%,0%,0%,0%,0%,0%,0%,6%,
12%,0%,0%,1%,8%,0%,22%,47%,0%,1%,2%,0%,0%,0%,1%,1%,0%,1%,0%,2%,
0%,0%,1%,1%,2%,0%,2%,1%,1%,0%,84%,1%,0%,0%,0%,2%,0%,1%,0%,3%,
1%,0%,1%,1%,41%,0%,2%,0%,1%,0%,43%,0%,1%,0%,0%,2%,0%,3%,1%,3%,
69%,1%,1%,1%,3%,1%,8%,0%,1%,1%,0%,1%,0%,0%,1%,4%,0%,3%,0%,5%,
0%,0%,0%,0%,0%,9%,64%,0%,0%,1%,0%,7%,0%,0%,7%,4%,0%,3%,0%,2%,
2%,1%,1%,0%,0%,1%,60%,0%,0%,1%,0%,10%,0%,0%,5%,8%,0%,4%,0%,5%,
0%,1%,2%,1%,0%,1%,2%,0%,0%,1%,1%,82%,0%,1%,1%,3%,2%,1%,0%,3%,
0%,0%,1%,1%,2%,0%,2%,1%,1%,0%,84%,1%,0%,0%,0%,2%,0%,1%,0%,3%,
0%,0%,0%,2%,1%,2%,72%,0%,0%,1%,0%,0%,1%,0%,0%,15%,0%,1%,0%,4%,
0%,1%,0%,1%,1%,1%,36%,0%,0%,1%,0%,0%,10%,0%,21%,14%,0%,1%,0%,13%,
0%,0%,87%,2%,0%,0%,1%,0%,0%,0%,0%,0%,0%,0%,0%,0%,0%,0%,0%,9%,
0%,14%,0%,0%,1%,0%,0%,0%,0%,54%,0%,0%,15%,0%,0%,7%,0%,0%,6%,1%,
0%,0%,1%,1%,2%,0%,2%,1%,1%,0%,84%,1%,0%,0%,0%,2%,0%,1%,0%,3%,
0%,3%,15%,10%,51%,0%,2%,0%,1%,0%,1%,0%,3%,0%,1%,2%,0%,1%,1%,7%,
0%,0%,0%,0%,0%,0%,0%,0%,0%,0%,0%,1%,0%,78%,0%,11%,0%,8%,0%,1%,
0%,0%,0%,3%,1%,0%,12%,0%,0%,76%,0%,0%,0%,0%,0%,1%,0%,0%,0%,5%,
0%,16%,0%,7%,3%,4%,1%,0%,9%,1%,0%,2%,1%,1%,0%,2%,49%,0%,0%,3%,
0%,5%,0%,0%,0%,0%,0%,0%,0%,0%,0%,65%,0%,27%,0%,0%,0%,0%,0%,0%,
1%,0%,0%,0%,10%,1%,57%,0%,0%,0%,0%,0%,0%,0%,0%,15%,0%,12%,0%,1%,
21%,9%,0%,0%,1%,10%,7%,0%,11%,9%,0%,3%,0%,0%,1%,25%,0%,2%,0%,1%,
0%,1%,0%,2%,3%,15%,2%,0%,1%,4%,0%,18%,3%,0%,0%,1%,3%,0%,0%,45%,
0%,24%,0%,2%,0%,5%,0%,0%,46%,2%,0%,2%,0%,1%,1%,1%,6%,0%,0%,11%,
0%,4%,3%,7%,0%,2%,2%,0%,1%,4%,0%,11%,2%,1%,1%,19%,24%,11%,0%,7%,
0%,12%,0%,1%,1%,4%,1%,0%,1%,58%,0%,9%,2%,0%,1%,1%,0%,1%,8%,1%,
1%,0%,78%,1%,1%,1%,1%,0%,0%,0%,0%,2%,1%,0%,1%,2%,0%,4%,1%,5%,
41%,0%,1%,0%,15%,0%,2%,0%,1%,0%,28%,0%,0%,0%,5%,2%,0%,1%,0%,2%,
0%,1%,10%,3%,0%,0%,1%,6%,0%,0%,2%,30%,0%,24%,1%,1%,17%,1%,0%,4%,
1%,0%,4%,0%,0%,0%,0%,0%,3%,0%,3%,6%,0%,0%,1%,38%,0%,10%,0%,33%,
0%,11%,0%,1%,2%,1%,0%,0%,72%,9%,0%,0%,1%,0%,0%,1%,0%,0%,1%,1%,
0%,35%,0%,0%,1%,0%,0%,0%,0%,0%,0%,0%,57%,0%,3%,1%,0%,0%,0%,1%,
0%,0%,0%,0%,0%,19%,8%,0%,0%,4%,0%,1%,0%,0%,63%,0%,0%,1%,1%,0%,
0%,0%,0%,1%,0%,10%,14%,0%,0%,2%,0%,1%,0%,0%,69%,0%,2%,0%,0%,1%,
0%,0%,0%,0%,0%,27%,2%,0%,0%,15%,0%,1%,0%,0%,50%,0%,2%,0%,0%,0%,
1%,0%,11%,2%,10%,0%,36%,0%,0%,0%,11%,0%,0%,0%,0%,1%,0%,0%,0%,26%,
0%,42%,0%,2%,33%,0%,0%,0%,19%,0%,0%,0%,0%,0%,0%,1%,0%,0%,1%,1%,
0%,8%,0%,0%,0%,0%,0%,89%,0%,0%,0%,0%,0%,0%,0%,0%,0%,0%,0%,1%,
0%,0%,0%,0%,0%,8%,1%,0%,0%,15%,0%,0%,0%,0%,74%,0%,0%,0%,0%,0%,
1%,2%,0%,1%,6%,1%,1%,0%,71%,1%,1%,1%,2%,0%,1%,3%,0%,1%,1%,5%,
3%,1%,1%,1%,1%,12%,27%,0%,0%,2%,0%,2%,2%,0%,24%,2%,0%,22%,0%,2%,
0%,0%,5%,0%,0%,0%,42%,0%,0%,0%,13%,22%,0%,0%,0%,1%,0%,6%,0%,10%,
0%,46%,0%,1%,1%,0%,0%,0%,0%,0%,0%,0%,50%,0%,0%,1%,0%,0%,0%,1%,
0%,0%,0%,0%,0%,0%,0%,0%,0%,0%,93%,1%,0%,0%,0%,0%,5%,0%,0%,0%,
0%,0%,0%,1%,0%,0%,1%,0%,0%,0%,0%,1%,0%,0%,0%,1%,94%,0%,0%,1%,
1%,0%,59%,1%,1%,1%,4%,0%,0%,0%,1%,3%,1%,0%,1%,4%,0%,17%,1%,5%,
0%,0%,0%,1%,0%,0%,1%,0%,0%,0%,0%,1%,0%,0%,0%,1%,94%,0%,0%,1%,
1%,0%,4%,0%,88%,0%,0%,0%,0%,0%,0%,0%,0%,0%,0%,1%,0%,0%,2%,2%,
0%,0%,3%,1%,0%,0%,0%,15%,0%,0%,0%,4%,23%,0%,0%,7%,1%,43%,1%,0%,
0%,0%,0%,0%,0%,8%,1%,0%,0%,15%,0%,0%,0%,0%,73%,0%,0%,0%,0%,0%,
0%,68%,0%,1%,0%,1%,0%,0%,0%,7%,0%,4%,2%,0%,2%,1%,10%,0%,0%,1%,
1%,1%,0%,1%,87%,1%,4%,0%,0%,1%,0%,0%,1%,0%,0%,1%,0%,0%,0%,2%,
0%,0%,93%,0%,0%,0%,1%,0%,0%,0%,0%,1%,0%,0%,0%,1%,0%,0%,0%,2%,
0%,1%,1%,5%,0%,0%,4%,0%,0%,1%,0%,16%,2%,0%,0%,20%,1%,34%,0%,12%,
0%,0%,80%,1%,0%,0%,1%,0%,0%,0%,0%,10%,0%,0%,0%,2%,1%,1%,0%,3%,
2%,0%,0%,0%,0%,0%,5%,0%,0%,15%,0%,1%,0%,0%,0%,1%,0%,32%,28%,13%,
18%,0%,0%,0%,8%,0%,3%,0%,0%,0%,56%,0%,0%,0%,0%,3%,0%,9%,0%,1%,
0%,3%,0%,1%,12%,0%,4%,0%,1%,14%,55%,1%,0%,0%,1%,2%,0%,1%,2%,2%,
0%,0%,0%,0%,2%,76%,4%,0%,0%,8%,0%,0%,0%,0%,0%,6%,0%,0%,0%,1%,
0%,0%,0%,0%,19%,60%,6%,0%,0%,12%,0%,0%,0%,0%,0%,0%,0%,0%,0%,1%,
0%,27%,0%,0%,1%,0%,0%,0%,67%,0%,0%,0%,0%,0%,0%,0%,0%,0%,2%,0%,
0%,0%,0%,0%,7%,73%,10%,0%,0%,5%,0%,0%,1%,0%,0%,1%,0%,0%,0%,1%,
0%,0%,94%,0%,0%,0%,1%,0%,0%,0%,0%,1%,0%,0%,0%,1%,0%,0%,0%,2%,
0%,0%,0%,0%,0%,6%,3%,0%,0%,0%,0%,0%,31%,0%,15%,29%,0%,13%,0%,1%,
0%,0%,0%,0%,21%,69%,4%,0%,0%,1%,0%,0%,0%,0%,0%,1%,0%,0%,0%,2%,
0%,1%,0%,1%,1%,0%,0%,3%,27%,55%,1%,7%,0%,0%,0%,0%,0%,0%,1%,1%,
1%,0%,0%,0%,1%,62%,2%,0%,0%,0%,0%,1%,2%,0%,0%,8%,0%,18%,2%,1%,
0%,0%,98%,0%,0%,0%,0%,0%,0%,0%,0%,0%,0%,0%,0%,0%,0%,0%,0%,0%,
0%,2%,0%,16%,8%,0%,0%,0%,1%,0%,0%,0%,0%,0%,69%,0%,0%,0%,0%,2%,
0%,1%,0%,0%,1%,0%,0%,0%,23%,0%,0%,0%,2%,0%,0%,69%,0%,0%,0%,1%,
72%,0%,3%,0%,2%,0%,1%,0%,0%,0%,0%,0%,0%,0%,0%,1%,0%,19%,0%,1%,
0%,0%,0%,0%,0%,0%,1%,0%,0%,0%,0%,43%,0%,0%,0%,39%,0%,14%,0%,1%,
0%,0%,0%,0%,1%,1%,0%,0%,38%,0%,0%,0%,47%,1%,0%,2%,0%,6%,0%,2%,
0%,1%,0%,0%,2%,0%,0%,0%,36%,1%,0%,0%,47%,0%,0%,3%,0%,7%,0%,2%,
0%,1%,51%,0%,0%,0%,0%,0%,0%,0%,0%,1%,0%,0%,0%,11%,32%,0%,0%,2%,
0%,0%,0%,0%,0%,0%,0%,0%,0%,0%,0%,0%,0%,0%,0%,0%,0%,0%,100%,0%,
0%,8%,0%,0%,54%,0%,0%,0%,0%,0%,1%,0%,0%,0%,0%,32%,0%,0%,0%,3%,
0%,1%,0%,1%,1%,1%,3%,0%,1%,83%,0%,2%,1%,0%,1%,1%,0%,1%,0%,2%,
80%,0%,0%,0%,8%,0%,0%,6%,3%,0%,0%,0%,0%,0%,0%,0%,0%,0%,0%,1%,
1%,2%,0%,3%,55%,0%,2%,19%,1%,1%,1%,0%,0%,0%,0%,1%,0%,0%,0%,13%,
0%,0%,98%,0%,0%,0%,0%,0%,0%,0%,0%,0%,0%,0%,0%,0%,0%,0%,0%,0%,
0%,0%,40%,1%,0%,0%,14%,0%,0%,0%,0%,2%,0%,0%,0%,10%,27%,1%,0%,3%,
1%,0%,0%,0%,0%,4%,64%,0%,0%,0%,0%,1%,0%,0%,0%,9%,0%,19%,0%,1%,
2%,1%,26%,1%,39%,0%,1%,14%,1%,0%,1%,0%,1%,0%,1%,2%,0%,1%,1%,9%,
3%,0%,0%,1%,20%,0%,39%,0%,0%,1%,22%,0%,1%,0%,0%,2%,0%,3%,0%,6%,
1%,0%,1%,9%,4%,0%,40%,0%,0%,1%,1%,0%,1%,0%,0%,6%,0%,22%,0%,13%,
0%,1%,0%,1%,1%,1%,3%,0%,1%,83%,0%,2%,1%,0%,1%,1%,0%,1%,0%,2%,
81%,0%,0%,0%,1%,0%,3%,0%,0%,0%,0%,0%,0%,0%,0%,10%,0%,3%,0%,1%,
94%,0%,0%,0%,0%,0%,4%,0%,0%,0%,0%,0%,0%,0%,0%,0%,0%,0%,0%,0%,
0%,52%,0%,1%,0%,0%,0%,0%,0%,0%,0%,0%,0%,0%,0%,1%,8%,0%,0%,37%,
0%,1%,0%,0%,57%,0%,0%,0%,0%,0%,0%,0%,16%,0%,0%,14%,0%,0%,0%,10%,
0%,0%,88%,1%,0%,0%,1%,0%,0%,0%,0%,1%,0%,0%,0%,2%,0%,1%,0%,4%,
2%,0%,22%,1%,0%,0%,14%,0%,0%,0%,0%,30%,0%,0%,0%,3%,0%,1%,0%,25%,
1%,0%,0%,0%,30%,5%,53%,0%,0%,0%,2%,0%,0%,0%,0%,1%,0%,3%,0%,3%,
0%,0%,1%,1%,0%,0%,2%,0%,0%,1%,19%,56%,0%,1%,1%,2%,1%,12%,0%,2%,
0%,0%,0%,1%,0%,0%,1%,52%,0%,0%,32%,1%,0%,0%,0%,0%,0%,12%,0%,0%,
0%,0%,96%,0%,0%,0%,0%,0%,0%,0%,0%,0%,0%,0%,0%,1%,0%,0%,0%,1%,
0%,6%,1%,6%,2%,0%,3%,1%,2%,1%,4%,26%,2%,0%,8%,3%,23%,1%,0%,12%,
0%,1%,0%,1%,0%,8%,7%,0%,0%,8%,0%,10%,0%,43%,1%,2%,0%,15%,1%,1%,
0%,0%,0%,0%,0%,1%,4%,0%,0%,25%,0%,40%,0%,0%,0%,1%,0%,27%,0%,1%,
0%,0%,33%,0%,0%,0%,0%,0%,0%,0%,0%,10%,0%,0%,0%,1%,54%,0%,0%,1%,
0%,3%,0%,1%,1%,3%,3%,0%,1%,65%,0%,12%,1%,1%,1%,2%,0%,1%,1%,2%,
1%,0%,0%,0%,31%,8%,4%,0%,2%,1%,1%,0%,9%,0%,1%,2%,0%,36%,1%,1%,
28%,0%,23%,0%,1%,0%,4%,0%,0%,0%,0%,2%,0%,0%,0%,29%,0%,1%,8%,3%,
0%,5%,0%,3%,0%,0%,0%,2%,0%,0%,0%,1%,0%,0%,11%,0%,75%,0%,0%,1%,
2%,9%,2%,4%,17%,0%,3%,25%,4%,0%,7%,1%,0%,0%,1%,14%,3%,0%,0%,8%,
4%,0%,0%,0%,0%,0%,1%,0%,47%,0%,0%,0%,0%,0%,0%,4%,0%,9%,0%,31%,
0%,11%,0%,1%,59%,0%,1%,0%,1%,13%,0%,0%,4%,0%,0%,1%,0%,0%,1%,7%,
0%,0%,9%,2%,1%,0%,8%,0%,0%,0%,1%,27%,0%,0%,0%,2%,1%,2%,0%,47%,
1%,0%,41%,0%,0%,0%,24%,0%,0%,0%,0%,7%,0%,0%,0%,1%,0%,24%,0%,1%,
45%,1%,0%,0%,34%,11%,5%,0%,0%,0%,0%,0%,0%,0%,0%,1%,0%,0%,0%,1%,
0%,1%,25%,0%,0%,0%,1%,0%,0%,0%,0%,9%,0%,0%,0%,47%,1%,0%,0%,14%,
0%,1%,4%,0%,1%,1%,1%,0%,1%,0%,0%,13%,16%,0%,1%,6%,0%,41%,2%,11%,
14%,2%,0%,1%,56%,0%,0%,0%,15%,0%,0%,0%,0%,0%,0%,1%,0%,0%,0%,10%,
1%,1%,22%,2%,1%,1%,1%,0%,1%,0%,0%,3%,0%,57%,1%,2%,1%,1%,1%,5%,
1%,1%,79%,1%,1%,0%,2%,0%,0%,0%,0%,2%,0%,0%,1%,3%,0%,1%,0%,6%,
71%,0%,0%,0%,0%,10%,17%,0%,0%,0%,0%,0%,0%,0%,0%,0%,0%,1%,0%,0%,
66%,0%,0%,1%,1%,1%,22%,1%,0%,1%,0%,0%,0%,0%,2%,1%,0%,1%,0%,2%,
0%,3%,0%,1%,21%,0%,0%,0%,5%,1%,0%,0%,1%,0%,37%,1%,0%,0%,17%,12%,
9%,21%,11%,0%,19%,0%,1%,0%,1%,0%,0%,0%,1%,0%,1%,28%,0%,1%,1%,5%,
2%,65%,0%,1%,0%,1%,1%,0%,0%,0%,0%,9%,0%,14%,2%,0%,0%,0%,0%,3%,
0%,20%,0%,0%,0%,0%,0%,0%,0%,2%,0%,0%,0%,0%,74%,1%,0%,0%,0%,1%,
0%,8%,0%,0%,1%,19%,1%,0%,4%,50%,0%,0%,6%,0%,1%,7%,0%,2%,1%,1%,
0%,0%,2%,0%,0%,0%,0%,0%,76%,0%,1%,15%,0%,0%,2%,1%,0%,1%,0%,1%,
1%,2%,1%,1%,1%,1%,2%,0%,1%,1%,0%,1%,1%,0%,82%,1%,0%,2%,0%,3%,
0%,1%,1%,1%,0%,1%,2%,0%,0%,0%,0%,8%,0%,0%,1%,2%,77%,1%,0%,3%,
0%,1%,0%,10%,0%,11%,32%,0%,0%,11%,0%,16%,0%,0%,15%,0%,2%,1%,0%,1%,
56%,0%,1%,0%,1%,0%,7%,0%,0%,0%,0%,0%,0%,0%,0%,9%,0%,7%,0%,19%,
0%,40%,0%,2%,4%,0%,2%,0%,1%,0%,0%,0%,14%,0%,0%,15%,3%,0%,0%,17%,
0%,7%,17%,0%,1%,0%,1%,0%,2%,0%,0%,7%,2%,0%,1%,33%,0%,3%,1%,24%,
0%,1%,3%,3%,2%,0%,4%,1%,1%,1%,47%,19%,0%,1%,1%,3%,2%,2%,0%,9%,
0%,4%,0%,1%,30%,0%,1%,0%,1%,0%,46%,0%,0%,0%,0%,9%,0%,0%,0%,6%,
0%,0%,0%,0%,0%,0%,0%,0%,0%,0%,75%,18%,0%,0%,0%,1%,0%,4%,0%,0%,
52%,11%,0%,0%,11%,0%,1%,0%,8%,1%,0%,0%,0%,0%,0%,2%,0%,0%,0%,12%,
2%,0%,5%,6%,2%,0%,1%,0%,6%,0%,0%,0%,0%,0%,11%,1%,0%,0%,0%,64%,
1%,0%,81%,0%,0%,0%,2%,0%,0%,0%,0%,1%,0%,0%,0%,2%,0%,8%,0%,2%,
4%,1%,1%,0%,52%,1%,1%,0%,0%,0%,1%,12%,0%,0%,0%,6%,0%,8%,10%,1%,
1%,2%,0%,1%,48%,1%,2%,0%,16%,5%,1%,1%,3%,0%,1%,4%,0%,1%,2%,10%,
7%,0%,0%,6%,0%,2%,44%,0%,0%,3%,0%,13%,0%,13%,0%,1%,6%,1%,0%,3%,
0%,0%,86%,1%,0%,0%,1%,0%,0%,0%,0%,1%,0%,0%,0%,2%,0%,1%,0%,6%,
48%,0%,0%,0%,1%,0%,48%,0%,0%,0%,0%,0%,0%,0%,0%,1%,0%,0%,0%,1%,
50%,0%,0%,0%,1%,0%,43%,0%,0%,0%,0%,0%,0%,0%,0%,3%,0%,0%,0%,1%,
0%,1%,0%,0%,2%,1%,0%,0%,0%,0%,0%,1%,0%,0%,0%,1%,0%,1%,93%,0%,
0%,1%,69%,1%,0%,0%,2%,0%,0%,0%,1%,15%,0%,0%,1%,3%,1%,1%,0%,4%,
0%,60%,0%,3%,2%,6%,1%,0%,0%,23%,0%,0%,0%,0%,0%,0%,0%,0%,2%,1%,
0%,2%,1%,3%,1%,0%,0%,0%,3%,0%,13%,34%,0%,8%,8%,3%,0%,1%,5%,18%,
0%,1%,0%,0%,1%,1%,0%,0%,55%,1%,0%,0%,34%,0%,1%,2%,0%,1%,0%,2%,
20%,0%,0%,0%,0%,0%,1%,0%,5%,0%,0%,1%,0%,0%,48%,8%,0%,6%,0%,9%,
0%,0%,6%,1%,0%,0%,1%,0%,0%,0%,0%,38%,0%,4%,0%,1%,43%,1%,0%,2%,
2%,0%,0%,0%,0%,0%,1%,0%,0%,0%,1%,0%,0%,0%,0%,1%,0%,92%,0%,2%,
55%,0%,0%,0%,2%,3%,33%,0%,0%,0%,0%,0%,0%,0%,0%,4%,0%,1%,0%,2%,
40%,0%,0%,0%,0%,1%,40%,0%,0%,0%,0%,13%,0%,0%,0%,1%,0%,1%,0%,1%,
58%,0%,0%,0%,3%,3%,17%,0%,0%,1%,0%,0%,0%,0%,0%,1%,0%,16%,0%,0%,
1%,0%,2%,0%,0%,31%,10%,0%,0%,1%,0%,27%,0%,0%,0%,2%,0%,18%,7%,1%,
0%,2%,0%,0%,0%,1%,6%,0%,0%,4%,0%,53%,0%,0%,4%,3%,2%,22%,0%,1%,
46%,0%,0%,0%,5%,1%,38%,0%,0%,1%,0%,0%,0%,0%,0%,4%,0%,1%,0%,3%,
0%,24%,0%,14%,3%,0%,0%,0%,37%,3%,1%,0%,0%,0%,0%,0%,0%,0%,0%,15%,
15%,0%,0%,0%,0%,81%,2%,0%,0%,0%,0%,0%,0%,0%,0%,0%,0%,0%,0%,0%,
23%,0%,17%,12%,11%,1%,27%,0%,0%,0%,0%,0%,0%,0%,0%,0%,0%,0%,4%,4%,
15%,0%,0%,0%,0%,81%,2%,0%,0%,0%,0%,0%,0%,0%,0%,0%,0%,0%,0%,0%,
1%,1%,2%,0%,37%,15%,21%,0%,0%,0%,0%,1%,1%,0%,0%,17%,0%,0%,1%,3%,
0%,1%,0%,0%,1%,83%,1%,0%,0%,0%,0%,0%,2%,0%,0%,11%,0%,0%,0%,0%,
0%,1%,0%,0%,0%,0%,0%,0%,0%,0%,0%,0%,0%,0%,0%,84%,0%,0%,0%,13%,
1%,0%,2%,13%,1%,0%,26%,0%,0%,0%,0%,0%,1%,0%,0%,7%,0%,25%,0%,23%,
0%,8%,0%,0%,0%,1%,1%,0%,0%,1%,0%,0%,10%,0%,13%,1%,0%,65%,0%,0%,
0%,0%,2%,0%,0%,0%,16%,0%,0%,0%,0%,0%,0%,0%,0%,1%,0%,0%,0%,80%,
0%,1%,69%,1%,0%,0%,2%,0%,0%,0%,1%,15%,0%,0%,1%,3%,1%,1%,0%,4%,
1%,0%,0%,0%,70%,0%,6%,0%,0%,0%,18%,0%,0%,0%,1%,0%,0%,0%,0%,2%,
0%,8%,0%,0%,12%,4%,0%,0%,4%,5%,0%,7%,1%,0%,0%,55%,0%,1%,1%,1%,
0%,26%,1%,6%,0%,0%,53%,0%,0%,1%,0%,1%,0%,0%,0%,1%,2%,0%,0%,7%,
0%,0%,0%,0%,0%,0%,62%,0%,0%,1%,15%,1%,0%,0%,0%,0%,0%,0%,0%,20%,
0%,0%,93%,0%,0%,0%,1%,0%,0%,0%,0%,1%,0%,0%,0%,1%,0%,3%,0%,1%,
0%,11%,1%,0%,4%,0%,1%,0%,0%,0%,0%,0%,1%,0%,0%,48%,0%,16%,7%,9%,
10%,0%,0%,1%,50%,0%,2%,0%,1%,0%,0%,0%,1%,0%,0%,2%,0%,0%,0%,32%,
0%,1%,0%,0%,0%,1%,1%,0%,1%,3%,0%,9%,1%,3%,0%,33%,0%,33%,11%,1%,
0%,0%,0%,0%,0%,25%,1%,0%,0%,0%,0%,0%,0%,0%,71%,0%,0%,0%,0%,0%,
35%,0%,0%,0%,0%,1%,13%,0%,0%,5%,0%,1%,0%,0%,0%,18%,25%,1%,0%,2%,
0%,1%,0%,1%,6%,0%,0%,0%,16%,1%,61%,0%,7%,0%,1%,2%,0%,0%,0%,2%,
0%,27%,1%,24%,0%,0%,28%,0%,0%,1%,3%,3%,0%,0%,0%,1%,0%,8%,1%,2%,
0%,30%,0%,0%,2%,2%,7%,0%,0%,3%,0%,4%,4%,0%,0%,43%,0%,2%,1%,2%,
0%,1%,0%,92%,0%,0%,1%,0%,0%,0%,0%,0%,0%,0%,0%,0%,0%,0%,0%,3%,
0%,0%,0%,3%,0%,0%,17%,41%,0%,1%,0%,0%,0%,0%,0%,0%,0%,0%,0%,36%,
0%,1%,1%,2%,21%,2%,1%,0%,1%,0%,14%,30%,1%,0%,0%,17%,0%,0%,4%,4%,
0%,0%,0%,0%,0%,1%,1%,0%,0%,0%,0%,8%,0%,0%,53%,1%,0%,32%,0%,1%,
6%,1%,0%,0%,46%,0%,1%,0%,1%,0%,0%,0%,1%,0%,0%,6%,0%,0%,0%,36%,
0%,7%,0%,34%,18%,1%,27%,0%,0%,4%,0%,0%,3%,0%,0%,2%,0%,0%,0%,3%,
0%,0%,0%,0%,2%,0%,0%,82%,0%,0%,12%,0%,0%,0%,0%,0%,0%,0%,0%,2%,
0%,0%,0%,0%,0%,0%,0%,97%,0%,0%,1%,0%,0%,0%,0%,0%,0%,0%,0%,0%,
0%,16%,0%,1%,2%,0%,0%,0%,73%,1%,0%,1%,1%,1%,0%,1%,0%,0%,0%,2%,
0%,6%,0%,6%,1%,0%,0%,0%,0%,71%,0%,1%,0%,12%,0%,0%,0%,0%,0%,1%,
0%,0%,0%,0%,36%,1%,0%,0%,1%,26%,0%,0%,33%,0%,0%,1%,0%,0%,1%,1%,
1%,1%,0%,4%,11%,1%,9%,0%,1%,6%,0%,0%,22%,2%,0%,3%,1%,1%,0%,37%,
0%,46%,0%,0%,4%,1%,0%,0%,0%,0%,0%,0%,2%,0%,0%,0%,0%,0%,45%,0%,
17%,0%,0%,0%,1%,0%,1%,0%,0%,0%,0%,0%,0%,0%,77%,0%,0%,0%,0%,2%,
0%,0%,1%,1%,2%,0%,1%,0%,1%,0%,47%,4%,4%,0%,1%,4%,1%,5%,0%,28%,
0%,2%,2%,9%,0%,2%,35%,0%,0%,0%,0%,1%,0%,0%,0%,1%,45%,0%,0%,3%,
0%,0%,24%,0%,0%,13%,1%,0%,0%,0%,0%,55%,0%,3%,0%,1%,0%,1%,1%,1%,
0%,7%,0%,0%,2%,9%,0%,0%,11%,1%,16%,22%,0%,1%,5%,1%,0%,0%,23%,0%,
16%,2%,0%,2%,0%,1%,1%,0%,32%,41%,0%,0%,0%,0%,2%,1%,0%,1%,0%,1%,
0%,3%,1%,55%,2%,0%,4%,0%,1%,1%,1%,1%,1%,1%,1%,3%,1%,0%,0%,22%,
0%,0%,73%,3%,0%,0%,0%,0%,0%,0%,0%,0%,0%,0%,0%,0%,0%,0%,0%,22%,
36%,0%,32%,0%,20%,0%,8%,0%,0%,0%,0%,0%,0%,0%,0%,1%,0%,0%,0%,2%,
0%,1%,0%,6%,1%,0%,0%,0%,11%,1%,49%,1%,19%,0%,1%,7%,1%,0%,0%,3%,
0%,1%,0%,3%,63%,0%,0%,0%,0%,0%,1%,0%,0%,0%,0%,0%,0%,0%,22%,8%,
0%,1%,0%,0%,3%,0%,0%,0%,86%,0%,0%,0%,0%,0%,0%,0%,0%,0%,0%,9%,
0%,1%,0%,0%,51%,0%,1%,0%,6%,0%,1%,0%,4%,0%,0%,13%,0%,13%,0%,8%,
0%,1%,1%,18%,1%,0%,1%,0%,0%,0%,12%,2%,0%,0%,0%,4%,15%,0%,0%,44%,
0%,1%,0%,0%,56%,0%,0%,0%,38%,0%,0%,0%,0%,0%,0%,1%,0%,0%,0%,2%,
0%,0%,0%,0%,0%,3%,14%,0%,0%,0%,0%,44%,0%,0%,0%,13%,0%,7%,0%,16%,
0%,0%,1%,2%,0%,2%,7%,0%,0%,0%,0%,48%,0%,1%,0%,5%,31%,0%,0%,2%,
0%,1%,0%,0%,3%,0%,0%,0%,49%,0%,0%,0%,39%,0%,0%,2%,0%,0%,0%,4%,
1%,2%,0%,0%,10%,1%,5%,0%,0%,28%,0%,0%,12%,0%,0%,32%,0%,5%,0%,2%,
16%,1%,1%,0%,2%,14%,2%,0%,0%,0%,0%,2%,0%,7%,0%,26%,0%,3%,17%,9%,
0%,0%,0%,60%,1%,0%,15%,0%,0%,1%,0%,0%,0%,0%,0%,1%,0%,0%,0%,21%,
0%,0%,93%,0%,0%,0%,1%,0%,0%,0%,0%,1%,0%,0%,0%,1%,0%,0%,0%,2%,
0%,0%,1%,13%,0%,0%,78%,0%,0%,1%,0%,0%,0%,0%,0%,1%,0%,0%,0%,4%,
0%,1%,0%,1%,1%,1%,3%,0%,1%,83%,0%,2%,1%,0%,1%,1%,0%,1%,0%,2%,
1%,1%,1%,20%,2%,1%,41%,0%,21%,2%,0%,0%,1%,0%,0%,2%,0%,0%,0%,5%,
1%,0%,6%,2%,7%,19%,1%,0%,1%,0%,0%,1%,1%,10%,8%,0%,0%,35%,5%,2%,
1%,1%,79%,1%,1%,0%,2%,0%,0%,0%,1%,2%,0%,0%,1%,3%,0%,1%,0%,6%,
1%,1%,0%,0%,67%,1%,4%,0%,0%,1%,0%,0%,15%,0%,0%,4%,0%,2%,1%,3%,
0%,4%,0%,23%,3%,0%,1%,0%,0%,0%,0%,0%,1%,0%,44%,1%,0%,0%,0%,20%,
0%,0%,6%,0%,0%,0%,0%,0%,0%,0%,3%,0%,0%,0%,0%,87%,0%,0%,0%,2%,
0%,1%,0%,36%,0%,0%,0%,0%,0%,0%,0%,1%,0%,0%,0%,0%,60%,0%,0%,1%,
0%,1%,0%,0%,2%,1%,0%,0%,0%,0%,0%,1%,0%,0%,0%,1%,0%,1%,93%,0%,
73%,0%,0%,0%,3%,0%,14%,0%,0%,7%,0%,0%,0%,0%,1%,0%,0%,1%,0%,0%,
0%,0%,11%,0%,0%,0%,0%,0%,0%,0%,0%,84%,0%,0%,0%,1%,3%,0%,0%,0%,
1%,0%,1%,0%,4%,1%,2%,0%,0%,1%,0%,0%,15%,0%,0%,10%,0%,42%,3%,19%,
0%,0%,0%,61%,0%,0%,16%,0%,0%,0%,0%,0%,0%,0%,0%,0%,0%,0%,0%,20%,
0%,2%,2%,13%,0%,0%,64%,0%,0%,8%,0%,0%,0%,0%,0%,1%,0%,0%,0%,9%,
0%,0%,0%,54%,1%,0%,24%,2%,0%,11%,2%,0%,0%,3%,0%,0%,0%,0%,0%,2%,
0%,0%,0%,53%,0%,0%,33%,0%,0%,2%,0%,0%,0%,5%,0%,0%,0%,0%,0%,3%,
0%,0%,0%,17%,0%,0%,77%,0%,0%,0%,0%,0%,0%,0%,0%,0%,0%,0%,0%,5%,
0%,0%,3%,52%,0%,0%,37%,0%,0%,1%,0%,1%,0%,0%,0%,0%,0%,0%,0%,3%,
0%,0%,0%,17%,0%,1%,73%,0%,0%,1%,0%,0%,3%,0%,0%,1%,0%,0%,0%,2%,
0%,0%,0%,15%,0%,0%,80%,0%,0%,0%,0%,0%,0%,0%,0%,0%,0%,0%,0%,3%,
0%,0%,93%,0%,0%,0%,1%,0%,0%,0%,0%,1%,0%,0%,0%,1%,0%,0%,0%,2%,
0%,0%,14%,2%,6%,0%,1%,0%,1%,0%,8%,0%,0%,0%,0%,2%,0%,0%,0%,64%,
0%,0%,7%,1%,43%,0%,2%,0%,0%,1%,1%,0%,1%,0%,2%,0%,0%,0%,23%,16%,
0%,1%,27%,1%,10%,0%,1%,0%,1%,0%,6%,1%,3%,0%,1%,21%,17%,6%,0%,4%,
0%,3%,0%,10%,3%,1%,3%,0%,2%,32%,0%,1%,2%,1%,1%,2%,0%,0%,0%,38%,
0%,0%,0%,0%,1%,0%,0%,0%,7%,0%,2%,0%,9%,0%,1%,76%,0%,1%,0%,3%,
0%,3%,0%,0%,0%,0%,0%,0%,0%,0%,0%,0%,0%,0%,95%,0%,0%,0%,0%,0%,
0%,0%,8%,0%,1%,0%,0%,0%,40%,0%,0%,1%,28%,0%,0%,4%,0%,4%,1%,11%,
54%,0%,1%,2%,1%,0%,28%,0%,0%,0%,6%,0%,0%,0%,1%,0%,0%,1%,0%,3%,
27%,0%,0%,0%,1%,16%,29%,0%,0%,2%,0%,16%,0%,0%,0%,1%,0%,1%,0%,6%,
0%,0%,0%,7%,2%,0%,41%,0%,0%,0%,43%,1%,0%,0%,0%,1%,0%,0%,0%,3%,
0%,4%,0%,0%,0%,1%,55%,0%,0%,20%,0%,0%,0%,0%,0%,16%,0%,0%,0%,1%,
0%,0%,45%,0%,0%,0%,1%,0%,0%,0%,0%,2%,0%,0%,0%,43%,1%,1%,0%,6%,
1%,1%,0%,1%,53%,0%,3%,0%,0%,0%,0%,0%,1%,0%,0%,2%,0%,0%,0%,37%,
0%,0%,100%,0%,0%,0%,0%,0%,0%,0%,0%,0%,0%,0%,0%,0%,0%,0%,0%,0%,
2%,0%,6%,1%,0%,0%,45%,0%,0%,0%,0%,16%,0%,0%,0%,20%,1%,1%,0%,7%,
1%,0%,86%,1%,0%,0%,1%,0%,0%,0%,0%,1%,0%,0%,0%,2%,0%,1%,0%,4%,
0%,1%,0%,1%,1%,1%,3%,0%,1%,83%,0%,2%,1%,0%,1%,1%,0%,1%,0%,2%,
0%,2%,0%,13%,2%,1%,3%,0%,1%,47%,1%,1%,1%,20%,1%,1%,0%,1%,1%,4%,
33%,8%,0%,1%,1%,1%,5%,0%,0%,14%,0%,1%,0%,0%,1%,1%,0%,32%,0%,1%,
1%,0%,0%,0%,0%,5%,17%,0%,0%,2%,0%,4%,0%,0%,0%,11%,0%,58%,0%,0%,
1%,0%,0%,1%,7%,0%,9%,0%,0%,6%,71%,0%,0%,0%,0%,1%,0%,0%,0%,4%,
0%,0%,3%,1%,0%,0%,1%,11%,0%,0%,0%,1%,0%,0%,0%,1%,75%,0%,0%,6%,
0%,0%,0%,0%,26%,0%,0%,0%,0%,0%,0%,0%,6%,0%,0%,1%,0%,0%,0%,66%,
1%,2%,2%,4%,4%,1%,4%,0%,2%,1%,1%,2%,1%,1%,1%,7%,1%,1%,0%,63%,
1%,2%,56%,1%,1%,1%,3%,0%,1%,0%,1%,3%,1%,0%,1%,16%,1%,2%,1%,9%,
0%,0%,47%,0%,0%,0%,0%,0%,0%,0%,0%,1%,0%,0%,0%,22%,1%,0%,0%,29%,
44%,0%,1%,0%,5%,1%,27%,0%,0%,0%,0%,0%,0%,0%,0%,17%,0%,3%,0%,1%,
40%,0%,1%,0%,10%,1%,22%,0%,0%,0%,0%,0%,0%,0%,0%,22%,0%,1%,0%,3%,
7%,1%,2%,0%,0%,0%,1%,0%,1%,0%,0%,7%,0%,0%,19%,7%,0%,52%,1%,2%,
52%,0%,0%,0%,14%,1%,25%,0%,0%,1%,0%,0%,0%,0%,0%,1%,0%,1%,2%,2%,
46%,0%,0%,0%,9%,1%,37%,0%,0%,0%,0%,0%,0%,0%,0%,2%,0%,2%,0%,2%,
0%,2%,0%,1%,0%,0%,0%,28%,1%,3%,1%,26%,1%,1%,3%,24%,5%,1%,0%,3%,
0%,11%,0%,0%,6%,1%,1%,0%,1%,2%,0%,3%,13%,0%,0%,44%,0%,1%,12%,3%,
0%,1%,29%,1%,0%,0%,3%,0%,0%,0%,0%,19%,0%,0%,0%,7%,0%,9%,8%,21%,
1%,1%,0%,1%,0%,1%,2%,0%,1%,14%,0%,11%,0%,47%,1%,3%,0%,10%,1%,3%,
0%,4%,0%,0%,37%,0%,0%,0%,0%,0%,0%,0%,0%,0%,0%,1%,0%,0%,51%,5%,
1%,19%,0%,0%,8%,0%,0%,0%,2%,0%,0%,0%,1%,0%,41%,24%,0%,0%,0%,2%,
0%,0%,0%,1%,3%,0%,1%,0%,0%,0%,57%,2%,0%,0%,0%,1%,19%,0%,0%,15%,
51%,0%,0%,0%,1%,0%,29%,2%,4%,1%,3%,0%,0%,0%,0%,3%,0%,1%,0%,2%,
34%,0%,2%,0%,1%,0%,1%,0%,0%,0%,5%,3%,0%,0%,0%,42%,0%,0%,0%,10%,
43%,1%,0%,0%,4%,31%,3%,0%,1%,0%,0%,0%,1%,0%,0%,7%,0%,1%,0%,6%,
54%,0%,0%,0%,0%,0%,39%,0%,0%,0%,0%,2%,0%,0%,0%,1%,0%,2%,0%,1%,
0%,0%,1%,1%,0%,0%,1%,0%,0%,0%,0%,0%,0%,0%,66%,1%,0%,5%,0%,24%,
0%,0%,86%,0%,0%,0%,1%,0%,0%,0%,0%,2%,0%,0%,0%,2%,0%,1%,0%,4%,
1%,0%,0%,1%,0%,2%,9%,0%,0%,5%,0%,13%,0%,0%,0%,1%,64%,1%,0%,2%,
0%,1%,0%,5%,40%,0%,3%,0%,0%,1%,23%,17%,0%,0%,0%,1%,0%,0%,0%,7%,
1%,1%,68%,3%,1%,0%,3%,0%,0%,0%,1%,2%,0%,0%,1%,3%,1%,1%,0%,13%,
0%,4%,0%,1%,53%,1%,2%,0%,1%,0%,0%,0%,4%,0%,0%,28%,0%,0%,1%,3%,
0%,3%,1%,5%,3%,0%,1%,1%,5%,0%,1%,12%,0%,0%,0%,2%,21%,0%,0%,44%,
0%,0%,1%,0%,0%,0%,1%,0%,0%,0%,0%,80%,0%,0%,0%,13%,1%,0%,0%,3%,
0%,0%,79%,0%,0%,1%,0%,0%,0%,0%,0%,0%,0%,0%,0%,4%,0%,0%,0%,14%,
0%,1%,0%,0%,0%,1%,0%,0%,0%,97%,0%,0%,0%,0%,0%,0%,0%,0%,0%,0%,
1%,0%,0%,0%,36%,8%,41%,0%,0%,0%,0%,0%,1%,0%,0%,9%,0%,1%,0%,1%,
0%,1%,0%,2%,0%,0%,0%,0%,0%,0%,0%,0%,0%,75%,0%,0%,0%,0%,0%,21%,
1%,0%,0%,0%,9%,0%,1%,0%,0%,0%,0%,0%,1%,0%,0%,2%,0%,71%,0%,14%,
1%,0%,0%,2%,30%,0%,22%,0%,1%,6%,27%,0%,1%,0%,0%,3%,0%,1%,0%,5%,
1%,0%,9%,2%,2%,0%,13%,1%,0%,0%,53%,2%,0%,0%,0%,6%,1%,1%,0%,8%,
50%,0%,0%,0%,1%,0%,34%,0%,0%,0%,0%,0%,0%,0%,0%,2%,0%,0%,0%,12%,
1%,6%,14%,1%,21%,0%,18%,0%,0%,12%,0%,1%,1%,0%,1%,5%,0%,2%,0%,17%,
0%,1%,0%,0%,54%,0%,0%,0%,1%,0%,0%,0%,13%,0%,0%,10%,0%,0%,0%,19%,
0%,0%,89%,0%,0%,0%,1%,0%,0%,0%,0%,1%,0%,0%,0%,2%,0%,1%,0%,3%,
0%,7%,0%,2%,23%,0%,1%,0%,0%,1%,0%,0%,40%,0%,0%,2%,0%,0%,0%,24%,
0%,2%,6%,1%,0%,0%,2%,0%,1%,0%,0%,7%,0%,0%,38%,12%,5%,1%,0%,25%,
29%,0%,0%,0%,66%,0%,1%,0%,0%,0%,0%,0%,0%,0%,0%,1%,0%,0%,0%,1%,
25%,0%,0%,0%,50%,0%,2%,0%,1%,0%,0%,0%,0%,0%,0%,3%,0%,1%,0%,16%,
1%,0%,0%,0%,1%,68%,24%,0%,0%,1%,0%,0%,1%,0%,0%,1%,0%,1%,0%,1%,
0%,1%,2%,0%,0%,0%,3%,0%,0%,0%,0%,1%,0%,0%,56%,8%,0%,0%,0%,26%,
9%,0%,0%,0%,6%,7%,75%,0%,0%,0%,0%,0%,0%,0%,0%,1%,0%,1%,0%,1%,
0%,1%,9%,2%,1%,0%,1%,0%,14%,0%,5%,1%,1%,2%,1%,54%,1%,1%,0%,6%,
0%,4%,0%,1%,19%,0%,0%,0%,28%,1%,0%,0%,2%,0%,0%,27%,0%,0%,8%,7%,
1%,1%,0%,0%,64%,1%,7%,0%,0%,0%,0%,0%,1%,0%,0%,22%,0%,0%,0%,2%,
0%,0%,3%,1%,2%,0%,3%,0%,2%,0%,20%,1%,10%,0%,0%,48%,0%,1%,0%,6%,
1%,1%,45%,3%,2%,0%,1%,1%,5%,0%,10%,2%,0%,1%,1%,4%,1%,1%,0%,23%,
0%,1%,3%,18%,0%,0%,1%,0%,0%,0%,0%,0%,0%,0%,49%,0%,0%,0%,0%,26%,
4%,1%,1%,0%,27%,0%,3%,4%,0%,0%,1%,3%,0%,0%,0%,43%,0%,0%,0%,10%,
12%,1%,2%,11%,1%,0%,6%,0%,1%,1%,0%,0%,1%,0%,26%,7%,0%,6%,0%,25%,
31%,0%,0%,0%,63%,0%,1%,0%,0%,0%,0%,0%,0%,0%,0%,1%,0%,0%,0%,4%,
0%,0%,49%,0%,0%,0%,19%,0%,0%,0%,0%,10%,0%,0%,0%,10%,0%,7%,0%,4%,
0%,0%,0%,0%,1%,0%,1%,0%,3%,15%,0%,1%,6%,0%,0%,29%,0%,11%,0%,32%,
1%,0%,35%,0%,1%,1%,4%,0%,0%,0%,0%,2%,1%,0%,1%,3%,0%,47%,1%,2%,
0%,1%,0%,9%,11%,0%,0%,0%,0%,0%,0%,0%,0%,0%,0%,0%,0%,0%,0%,78%,
90%,0%,0%,0%,0%,0%,8%,0%,0%,0%,0%,0%,0%,0%,0%,0%,0%,0%,0%,0%,
0%,0%,0%,7%,0%,0%,0%,0%,0%,0%,0%,0%,54%,0%,0%,1%,0%,0%,0%,35%,
1%,3%,0%,1%,64%,1%,6%,0%,1%,1%,0%,0%,1%,0%,0%,12%,0%,0%,0%,10%,
0%,43%,2%,12%,1%,0%,1%,0%,1%,0%,0%,1%,1%,1%,0%,29%,1%,0%,0%,6%,
0%,2%,0%,0%,60%,7%,2%,0%,0%,0%,0%,0%,17%,0%,0%,7%,0%,0%,0%,2%,
0%,1%,0%,1%,58%,0%,5%,0%,1%,5%,7%,0%,7%,0%,0%,4%,0%,1%,0%,9%,
0%,3%,0%,1%,48%,1%,10%,0%,0%,0%,0%,0%,3%,0%,0%,26%,0%,0%,0%,6%,
0%,1%,0%,0%,43%,5%,9%,0%,0%,3%,0%,0%,6%,0%,0%,24%,0%,0%,0%,7%,
0%,1%,17%,2%,18%,0%,1%,0%,0%,0%,0%,0%,14%,0%,0%,1%,0%,1%,27%,16%,
0%,0%,0%,0%,0%,0%,0%,0%,0%,0%,0%,0%,0%,0%,0%,0%,0%,99%,0%,0%,
0%,0%,0%,11%,0%,0%,0%,0%,0%,0%,0%,0%,55%,0%,0%,0%,0%,0%,0%,31%,
0%,2%,0%,7%,1%,0%,0%,0%,0%,0%,0%,0%,57%,0%,0%,1%,0%,0%,0%,31%,
0%,0%,0%,5%,2%,0%,10%,0%,0%,32%,8%,0%,15%,0%,0%,1%,0%,0%,0%,24%,
0%,9%,0%,1%,0%,2%,1%,0%,0%,0%,0%,31%,0%,0%,1%,7%,14%,0%,0%,31%,
21%,0%,30%,0%,18%,2%,19%,0%,0%,0%,0%,0%,1%,0%,0%,2%,0%,1%,1%,3%,
0%,1%,69%,1%,0%,0%,2%,0%,0%,0%,1%,15%,0%,0%,1%,3%,1%,1%,0%,4%,
9%,1%,0%,1%,12%,1%,21%,0%,1%,1%,0%,0%,1%,0%,0%,22%,0%,1%,0%,29%,
0%,1%,1%,1%,2%,0%,0%,0%,21%,0%,0%,1%,1%,0%,0%,5%,0%,0%,0%,64%,
0%,2%,0%,3%,0%,1%,7%,0%,3%,0%,0%,0%,0%,0%,0%,22%,23%,0%,0%,36%,
0%,1%,0%,14%,0%,0%,1%,0%,0%,0%,0%,0%,0%,43%,0%,14%,0%,0%,0%,26%,
0%,1%,0%,0%,69%,0%,0%,0%,0%,0%,0%,0%,1%,0%,0%,20%,0%,0%,0%,7%,
13%,0%,0%,3%,31%,0%,4%,1%,19%,12%,10%,0%,0%,0%,0%,0%,0%,0%,0%,5%,
1%,0%,35%,0%,1%,1%,4%,0%,0%,0%,0%,2%,1%,0%,1%,3%,0%,47%,1%,2%,
0%,0%,0%,1%,0%,0%,0%,42%,0%,0%,2%,1%,0%,0%,0%,0%,53%,0%,0%,1%,
89%,0%,0%,0%,0%,0%,9%,0%,0%,0%,0%,0%,0%,0%,0%,0%,0%,0%,0%,1%,
1%,1%,0%,0%,0%,9%,4%,0%,0%,3%,0%,56%,0%,0%,13%,3%,0%,4%,4%,1%,
0%,1%,1%,21%,1%,0%,5%,0%,0%,0%,10%,0%,0%,0%,53%,0%,0%,0%,0%,6%,
0%,1%,0%,37%,0%,0%,2%,0%,0%,1%,1%,2%,0%,0%,5%,0%,47%,0%,0%,2%,
0%,1%,0%,18%,0%,4%,2%,0%,0%,2%,0%,17%,0%,0%,0%,0%,55%,0%,0%,1%,
0%,45%,0%,0%,1%,0%,0%,0%,1%,0%,0%,1%,1%,0%,0%,38%,0%,0%,0%,11%,
0%,32%,0%,1%,1%,0%,0%,0%,3%,1%,20%,3%,0%,0%,2%,20%,1%,0%,0%,15%,
0%,13%,0%,0%,7%,0%,0%,0%,1%,17%,0%,11%,1%,0%,0%,42%,0%,0%,0%,5%,
0%,0%,0%,0%,0%,1%,2%,0%,0%,4%,0%,40%,7%,0%,1%,2%,0%,40%,0%,1%,
1%,1%,0%,1%,0%,1%,17%,0%,4%,1%,8%,1%,1%,12%,4%,43%,1%,2%,0%,3%,
87%,0%,0%,0%,1%,0%,2%,0%,0%,0%,3%,0%,0%,0%,0%,5%,0%,1%,0%,1%,
0%,0%,8%,0%,0%,1%,1%,0%,0%,0%,0%,7%,0%,0%,64%,1%,0%,16%,0%,1%,
1%,0%,81%,0%,0%,0%,2%,0%,0%,0%,0%,1%,0%,0%,0%,2%,0%,8%,0%,2%,
0%,1%,0%,2%,18%,0%,1%,13%,1%,1%,57%,0%,0%,0%,0%,1%,0%,1%,0%,3%,
60%,0%,2%,4%,1%,0%,3%,1%,0%,0%,0%,0%,0%,0%,0%,1%,0%,0%,0%,27%,
1%,0%,1%,0%,0%,1%,50%,0%,0%,0%,0%,1%,0%,0%,15%,1%,0%,30%,0%,1%,
54%,0%,0%,0%,4%,0%,39%,0%,0%,0%,0%,0%,0%,0%,0%,1%,0%,1%,0%,1%,
54%,0%,0%,0%,4%,0%,39%,0%,0%,0%,0%,0%,0%,0%,0%,1%,0%,1%,0%,1%,
0%,0%,98%,0%,0%,0%,0%,0%,0%,0%,0%,0%,0%,0%,0%,0%,0%,0%,0%,1%,
0%,1%,0%,0%,1%,1%,1%,0%,1%,8%,0%,2%,1%,0%,72%,1%,0%,11%,0%,1%,
0%,0%,96%,0%,0%,0%,0%,0%,0%,0%,0%,0%,0%,0%,0%,1%,0%,0%,0%,1%,
0%,25%,0%,6%,2%,0%,0%,0%,48%,0%,0%,0%,0%,15%,0%,0%,0%,0%,0%,1%,
12%,0%,41%,0%,4%,0%,29%,0%,0%,0%,0%,0%,0%,0%,0%,2%,0%,0%,0%,10%,
0%,1%,0%,0%,25%,1%,0%,0%,8%,0%,0%,0%,1%,0%,0%,0%,0%,0%,62%,1%,
1%,2%,1%,1%,1%,1%,2%,0%,1%,1%,0%,1%,1%,0%,82%,1%,0%,2%,0%,3%,
0%,0%,86%,3%,0%,0%,1%,0%,0%,0%,0%,1%,0%,0%,0%,1%,0%,0%,0%,4%,
0%,0%,93%,0%,0%,0%,1%,0%,0%,0%,0%,1%,0%,0%,0%,1%,0%,3%,0%,1%,
0%,1%,0%,0%,3%,75%,0%,0%,5%,0%,0%,0%,2%,0%,0%,11%,0%,0%,0%,1%,
0%,0%,0%,0%,0%,0%,0%,97%,0%,0%,0%,0%,0%,0%,0%,0%,0%,0%,0%,0%,
0%,0%,0%,0%,0%,0%,0%,97%,0%,0%,0%,0%,0%,0%,0%,0%,0%,0%,0%,0%,
0%,2%,0%,2%,0%,2%,2%,0%,1%,8%,1%,48%,0%,24%,1%,2%,1%,2%,1%,4%,
0%,1%,7%,10%,0%,0%,7%,0%,0%,49%,0%,6%,1%,0%,0%,3%,0%,1%,2%,11%,
0%,1%,0%,19%,0%,0%,0%,0%,0%,0%,0%,0%,0%,37%,0%,10%,0%,0%,0%,31%,
96%,0%,0%,0%,0%,0%,2%,0%,0%,0%,0%,0%,0%,0%,0%,0%,0%,0%,0%,0%,
0%,0%,92%,0%,0%,0%,1%,0%,0%,0%,0%,1%,0%,0%,0%,1%,0%,0%,0%,2%,
1%,0%,4%,0%,0%,1%,12%,0%,0%,0%,0%,7%,0%,0%,63%,0%,1%,9%,0%,1%,
1%,1%,79%,1%,1%,0%,2%,0%,0%,0%,1%,2%,0%,0%,1%,3%,0%,1%,0%,6%,
1%,0%,1%,1%,0%,0%,12%,28%,0%,3%,2%,11%,0%,0%,2%,1%,1%,35%,0%,1%,
0%,3%,1%,55%,2%,0%,4%,0%,1%,1%,1%,1%,1%,1%,1%,3%,1%,0%,0%,22%,
1%,0%,0%,0%,0%,0%,96%,0%,0%,0%,0%,0%,0%,0%,0%,0%,0%,0%,0%,1%,
0%,0%,93%,0%,0%,0%,1%,0%,0%,0%,0%,1%,0%,0%,0%,1%,0%,0%,0%,2%,
2%,1%,0%,0%,0%,4%,9%,0%,6%,37%,0%,1%,0%,0%,0%,12%,0%,1%,0%,27%,
0%,0%,0%,0%,66%,1%,1%,0%,0%,1%,0%,0%,3%,0%,0%,0%,0%,0%,25%,1%,
5%,0%,12%,0%,66%,0%,2%,0%,0%,0%,0%,0%,0%,0%,0%,1%,0%,9%,1%,2%,
0%,1%,0%,1%,0%,18%,20%,0%,0%,26%,0%,9%,0%,0%,17%,0%,5%,1%,0%,1%,
0%,1%,0%,0%,0%,16%,28%,0%,0%,31%,0%,4%,0%,0%,17%,0%,0%,1%,0%,1%,
1%,2%,0%,1%,1%,2%,5%,0%,1%,67%,0%,4%,1%,0%,1%,9%,0%,1%,0%,4%,
0%,0%,0%,0%,0%,0%,0%,0%,5%,0%,0%,8%,0%,0%,82%,0%,0%,1%,0%,0%,
0%,1%,0%,1%,0%,1%,1%,0%,0%,5%,0%,36%,0%,49%,0%,1%,1%,1%,1%,1%,
19%,2%,0%,6%,8%,1%,12%,0%,0%,32%,0%,0%,1%,0%,0%,1%,0%,2%,0%,16%,
0%,73%,0%,1%,3%,0%,2%,0%,0%,14%,0%,0%,1%,0%,0%,2%,0%,0%,0%,3%,
0%,0%,76%,1%,0%,0%,0%,0%,0%,0%,0%,15%,0%,0%,0%,0%,6%,0%,0%,1%,
0%,1%,0%,0%,19%,0%,0%,0%,74%,1%,0%,0%,1%,0%,0%,2%,0%,0%,0%,2%,
0%,9%,0%,1%,16%,1%,0%,0%,17%,7%,0%,0%,23%,0%,1%,20%,0%,0%,0%,5%,
0%,0%,0%,0%,0%,0%,0%,0%,0%,0%,0%,0%,0%,99%,0%,0%,0%,0%,0%,0%,
0%,0%,0%,0%,0%,3%,2%,0%,0%,0%,0%,27%,0%,0%,0%,0%,0%,65%,0%,0%,
1%,7%,0%,1%,3%,1%,10%,0%,0%,1%,0%,0%,1%,0%,17%,1%,0%,55%,0%,2%,
0%,0%,0%,0%,0%,0%,98%,0%,0%,0%,0%,0%,0%,0%,0%,0%,0%,0%,0%,0%,
1%,1%,1%,2%,1%,0%,1%,17%,1%,1%,0%,0%,16%,0%,35%,9%,1%,3%,0%,12%,
0%,0%,0%,0%,0%,1%,1%,0%,0%,1%,0%,26%,9%,0%,0%,1%,0%,61%,0%,0%,
1%,1%,4%,0%,0%,4%,7%,0%,0%,0%,0%,9%,0%,0%,0%,48%,0%,1%,0%,23%,
0%,0%,0%,1%,3%,0%,1%,0%,0%,0%,0%,0%,7%,0%,0%,36%,10%,39%,0%,0%,
0%,1%,0%,2%,0%,0%,0%,2%,1%,0%,0%,0%,0%,45%,0%,1%,0%,0%,0%,46%,
37%,1%,0%,0%,0%,1%,24%,0%,0%,2%,0%,26%,0%,0%,0%,3%,0%,0%,0%,3%,
0%,0%,90%,0%,0%,0%,1%,0%,0%,0%,0%,1%,0%,0%,0%,2%,0%,1%,0%,3%,
1%,0%,1%,0%,25%,0%,0%,0%,44%,0%,0%,0%,1%,0%,0%,8%,0%,5%,0%,11%,
0%,1%,0%,4%,0%,0%,1%,0%,0%,0%,0%,0%,0%,0%,40%,2%,0%,0%,0%,49%,
0%,0%,0%,8%,46%,0%,0%,0%,0%,0%,29%,0%,0%,0%,0%,3%,0%,0%,0%,11%,
0%,0%,3%,0%,0%,0%,92%,0%,0%,0%,0%,0%,0%,0%,0%,0%,0%,0%,0%,3%,
0%,1%,0%,0%,2%,1%,0%,0%,0%,0%,0%,1%,0%,0%,0%,1%,0%,1%,93%,0%,
0%,0%,0%,0%,0%,0%,0%,0%,0%,0%,0%,0%,98%,0%,0%,1%,0%,0%,0%,0%,
0%,0%,93%,0%,0%,0%,1%,0%,0%,0%,0%,1%,0%,0%,0%,1%,0%,0%,0%,2%,
0%,1%,0%,92%,0%,0%,1%,0%,0%,0%,0%,0%,0%,0%,0%,0%,0%,0%,0%,3%,
5%,0%,1%,0%,1%,0%,0%,0%,1%,1%,0%,10%,0%,0%,0%,19%,0%,2%,44%,15%,
0%,1%,0%,1%,2%,3%,0%,0%,0%,0%,0%,1%,12%,1%,0%,54%,9%,9%,4%,1%,
0%,0%,3%,0%,0%,0%,92%,0%,0%,0%,0%,0%,0%,0%,0%,0%,0%,0%,0%,3%,
0%,0%,94%,0%,0%,0%,1%,0%,0%,0%,0%,1%,0%,0%,0%,1%,0%,0%,0%,2%,
0%,0%,0%,2%,0%,0%,94%,0%,0%,1%,0%,0%,0%,0%,0%,0%,0%,0%,0%,1%,
0%,0%,0%,0%,0%,0%,0%,0%,0%,0%,0%,0%,98%,0%,0%,0%,0%,0%,0%,0%,
0%,0%,0%,0%,0%,0%,0%,0%,0%,0%,0%,0%,99%,0%,0%,0%,0%,0%,0%,0%,
0%,0%,0%,0%,0%,0%,0%,0%,0%,0%,0%,0%,99%,0%,0%,0%,0%,0%,0%,0%,
0%,0%,0%,0%,1%,1%,1%,0%,0%,2%,0%,0%,82%,0%,1%,1%,0%,6%,4%,0%,
1%,0%,1%,1%,22%,0%,2%,0%,69%,0%,1%,0%,0%,0%,0%,1%,0%,0%,0%,3%,
51%,0%,0%,1%,6%,0%,16%,0%,0%,1%,0%,0%,6%,0%,0%,2%,0%,1%,0%,15%,
0%,1%,1%,2%,0%,1%,1%,0%,0%,0%,0%,59%,0%,0%,0%,1%,14%,0%,0%,21%,
97%,0%,0%,0%,0%,0%,1%,0%,0%,0%,0%,0%,0%,0%,0%,0%,0%,0%,0%,0%,
1%,0%,1%,1%,22%,0%,3%,0%,1%,0%,10%,0%,1%,0%,0%,2%,0%,42%,0%,16%,
1%,0%,0%,2%,4%,0%,6%,2%,0%,0%,11%,0%,0%,0%,0%,9%,0%,61%,0%,3%,
0%,1%,0%,0%,7%,0%,0%,0%,0%,0%,0%,0%,0%,43%,0%,15%,0%,0%,20%,12%,
0%,0%,0%,2%,0%,0%,6%,0%,0%,0%,10%,12%,0%,43%,0%,5%,1%,0%,0%,20%,
0%,0%,95%,0%,0%,0%,0%,0%,0%,0%,0%,1%,0%,0%,0%,1%,0%,0%,0%,1%,
26%,0%,0%,1%,1%,1%,14%,0%,0%,1%,0%,0%,22%,0%,0%,3%,0%,1%,0%,28%,
35%,21%,1%,0%,1%,1%,2%,0%,3%,1%,0%,22%,0%,1%,1%,4%,1%,1%,1%,3%,
0%,1%,0%,1%,1%,7%,1%,0%,0%,0%,0%,1%,1%,0%,0%,3%,0%,0%,0%,82%,
25%,0%,0%,1%,1%,1%,14%,0%,0%,2%,0%,0%,23%,0%,0%,3%,0%,1%,0%,27%,
0%,0%,80%,1%,1%,0%,1%,0%,0%,0%,0%,1%,0%,0%,0%,2%,0%,1%,0%,11%,
1%,1%,0%,0%,42%,0%,0%,0%,2%,0%,1%,0%,1%,0%,49%,0%,0%,0%,0%,2%,
0%,0%,1%,2%,1%,0%,1%,0%,1%,0%,50%,2%,0%,36%,0%,1%,0%,1%,0%,2%,
0%,1%,0%,5%,5%,0%,0%,0%,35%,0%,0%,0%,31%,0%,0%,3%,0%,0%,0%,18%,
0%,8%,2%,0%,0%,2%,1%,0%,0%,0%,0%,45%,0%,0%,0%,35%,0%,0%,0%,5%,
0%,0%,0%,1%,0%,3%,22%,0%,0%,4%,0%,21%,29%,0%,1%,2%,1%,9%,0%,7%,
0%,0%,0%,5%,0%,5%,25%,0%,0%,8%,0%,16%,0%,0%,0%,0%,39%,0%,0%,1%,
0%,13%,0%,3%,0%,2%,18%,0%,0%,2%,0%,36%,2%,0%,0%,2%,7%,0%,0%,13%,
0%,0%,0%,0%,0%,0%,0%,0%,0%,0%,0%,0%,89%,0%,0%,5%,0%,0%,0%,5%,
23%,0%,1%,1%,2%,0%,37%,0%,0%,1%,0%,1%,0%,0%,0%,4%,0%,1%,0%,27%,
1%,1%,54%,1%,2%,2%,7%,0%,0%,0%,1%,21%,0%,0%,1%,3%,1%,2%,1%,3%,
13%,2%,1%,41%,10%,1%,10%,1%,2%,3%,1%,0%,0%,6%,1%,1%,0%,1%,1%,6%,
42%,2%,0%,0%,2%,16%,0%,0%,2%,0%,0%,10%,0%,0%,0%,3%,0%,0%,10%,10%,
0%,0%,1%,6%,0%,1%,9%,0%,0%,0%,0%,23%,0%,27%,0%,5%,1%,0%,0%,26%,
0%,17%,0%,0%,0%,0%,0%,0%,82%,0%,0%,0%,0%,0%,0%,0%,0%,0%,0%,0%,
0%,24%,1%,9%,0%,0%,1%,0%,1%,0%,0%,19%,0%,12%,1%,5%,6%,3%,0%,16%,
0%,2%,0%,11%,0%,2%,4%,0%,0%,4%,0%,17%,2%,1%,0%,12%,7%,1%,0%,36%,
1%,0%,1%,0%,8%,0%,4%,0%,1%,0%,7%,0%,3%,0%,0%,56%,0%,1%,0%,17%,
0%,1%,0%,0%,2%,1%,0%,0%,0%,0%,0%,1%,0%,0%,0%,1%,0%,1%,93%,0%,
0%,17%,28%,1%,1%,0%,0%,0%,0%,0%,0%,0%,1%,0%,0%,29%,0%,0%,0%,23%,
0%,0%,0%,0%,0%,0%,0%,0%,0%,0%,0%,0%,0%,67%,0%,7%,22%,2%,0%,0%,
0%,0%,15%,1%,0%,0%,1%,0%,0%,0%,0%,40%,0%,0%,0%,1%,20%,1%,0%,20%,
35%,0%,0%,0%,0%,1%,17%,0%,0%,3%,0%,19%,0%,9%,1%,2%,0%,7%,0%,5%,
0%,6%,1%,0%,3%,2%,0%,0%,4%,1%,0%,1%,23%,0%,22%,21%,0%,1%,12%,2%,
0%,0%,91%,0%,0%,0%,1%,0%,0%,0%,0%,1%,0%,0%,0%,1%,0%,1%,0%,3%,
1%,0%,0%,0%,0%,38%,9%,0%,0%,6%,0%,18%,2%,0%,2%,9%,0%,11%,1%,2%,
0%,0%,0%,0%,0%,94%,4%,0%,0%,0%,0%,0%,0%,0%,0%,0%,0%,0%,0%,0%,
0%,0%,0%,0%,0%,0%,15%,0%,0%,59%,0%,6%,0%,0%,0%,0%,10%,8%,0%,0%,
0%,0%,0%,0%,8%,0%,0%,0%,0%,4%,0%,0%,0%,0%,0%,0%,0%,0%,87%,0%,
1%,2%,1%,1%,1%,1%,1%,0%,41%,1%,1%,18%,1%,1%,1%,13%,9%,1%,0%,5%,
2%,3%,0%,0%,17%,0%,1%,5%,9%,2%,0%,0%,35%,0%,7%,8%,0%,7%,0%,3%,
28%,0%,0%,0%,35%,0%,7%,0%,0%,0%,0%,0%,0%,0%,0%,2%,0%,24%,0%,1%,
0%,0%,91%,0%,0%,0%,1%,0%,0%,0%,0%,1%,0%,0%,0%,1%,0%,1%,0%,2%,
0%,0%,0%,0%,25%,1%,0%,0%,0%,0%,0%,0%,25%,0%,0%,1%,0%,11%,36%,0%,
0%,49%,2%,3%,0%,0%,4%,0%,0%,0%,0%,0%,1%,7%,18%,4%,0%,0%,0%,10%,
0%,18%,0%,0%,0%,0%,0%,0%,0%,0%,0%,7%,0%,0%,64%,1%,0%,9%,0%,0%,
0%,0%,0%,0%,0%,0%,0%,0%,0%,0%,0%,0%,90%,0%,0%,7%,0%,0%,0%,1%,
0%,0%,0%,1%,15%,0%,0%,0%,68%,0%,0%,0%,0%,0%,0%,0%,0%,0%,0%,14%,
0%,0%,0%,0%,0%,0%,0%,0%,0%,0%,0%,0%,0%,0%,97%,0%,0%,0%,0%,1%,
0%,0%,0%,0%,0%,0%,0%,0%,0%,0%,0%,0%,0%,0%,97%,0%,0%,0%,0%,1%,
1%,1%,76%,1%,1%,0%,3%,0%,0%,0%,1%,2%,0%,0%,1%,4%,1%,2%,0%,7%,
0%,2%,1%,1%,3%,2%,1%,0%,1%,1%,0%,2%,1%,12%,1%,2%,0%,2%,64%,3%,
0%,0%,0%,0%,32%,0%,2%,0%,0%,63%,0%,0%,0%,0%,0%,0%,0%,0%,0%,1%,
0%,0%,0%,0%,23%,0%,0%,0%,0%,74%,0%,0%,0%,0%,0%,0%,0%,0%,0%,0%,
0%,1%,0%,0%,3%,3%,0%,0%,7%,1%,0%,68%,3%,0%,1%,8%,0%,0%,4%,1%,
1%,6%,1%,22%,0%,2%,4%,3%,1%,1%,0%,20%,0%,27%,3%,1%,1%,1%,2%,3%,
67%,3%,0%,1%,2%,0%,12%,0%,0%,0%,0%,0%,0%,0%,0%,2%,0%,0%,0%,11%,
0%,0%,0%,0%,1%,15%,31%,0%,0%,1%,0%,0%,20%,0%,0%,1%,0%,27%,0%,1%,
0%,0%,0%,1%,1%,0%,34%,0%,0%,0%,49%,0%,0%,0%,0%,1%,0%,0%,0%,12%,
0%,0%,0%,1%,0%,3%,25%,0%,0%,1%,0%,49%,0%,0%,0%,11%,6%,1%,0%,2%,
0%,5%,8%,2%,2%,1%,3%,0%,0%,0%,0%,0%,33%,0%,14%,19%,0%,1%,0%,11%,
0%,0%,0%,2%,0%,0%,1%,0%,0%,0%,0%,0%,3%,23%,0%,23%,3%,3%,0%,40%,
0%,0%,0%,2%,0%,0%,1%,0%,0%,0%,0%,0%,3%,23%,0%,23%,3%,3%,0%,40%,
0%,5%,1%,2%,1%,1%,4%,0%,0%,1%,0%,7%,1%,0%,1%,19%,4%,1%,0%,53%,
0%,2%,0%,0%,14%,1%,1%,0%,1%,3%,0%,3%,35%,0%,0%,29%,0%,0%,1%,11%,
0%,0%,5%,3%,1%,0%,2%,0%,0%,0%,3%,31%,0%,0%,0%,40%,0%,1%,1%,12%,
0%,8%,1%,1%,1%,0%,1%,62%,1%,1%,0%,3%,4%,0%,1%,4%,1%,1%,0%,9%,
0%,1%,0%,0%,11%,4%,0%,0%,0%,0%,0%,7%,2%,0%,0%,69%,0%,1%,2%,1%,
0%,0%,93%,0%,0%,0%,1%,0%,0%,0%,0%,1%,0%,0%,0%,1%,0%,3%,0%,1%,
0%,14%,0%,25%,0%,1%,31%,0%,0%,1%,0%,0%,0%,8%,3%,2%,0%,1%,0%,12%,
1%,2%,56%,1%,1%,1%,3%,0%,1%,0%,1%,3%,1%,0%,1%,16%,1%,2%,1%,9%,
66%,3%,0%,1%,14%,0%,2%,0%,1%,1%,0%,0%,0%,0%,0%,2%,0%,0%,0%,8%,
28%,0%,2%,2%,0%,0%,4%,18%,0%,0%,0%,0%,0%,0%,0%,0%,0%,0%,0%,43%,
0%,0%,74%,0%,0%,0%,1%,0%,0%,0%,0%,1%,0%,0%,1%,7%,0%,0%,0%,14%,
0%,2%,0%,0%,1%,0%,0%,0%,1%,0%,0%,0%,22%,0%,24%,45%,0%,1%,0%,3%,
0%,0%,0%,17%,0%,0%,15%,0%,0%,0%,0%,0%,1%,0%,0%,18%,1%,0%,0%,46%,
34%,0%,0%,0%,0%,1%,31%,0%,0%,4%,0%,1%,0%,0%,0%,1%,0%,25%,0%,1%,
0%,0%,0%,0%,4%,14%,29%,0%,0%,2%,0%,0%,18%,0%,1%,1%,0%,28%,0%,2%,
0%,13%,0%,22%,0%,0%,0%,0%,3%,2%,0%,0%,0%,0%,27%,1%,0%,0%,0%,30%,
2%,0%,4%,0%,0%,1%,8%,0%,0%,0%,0%,29%,0%,25%,1%,11%,1%,4%,0%,15%,
0%,0%,96%,0%,0%,0%,0%,0%,0%,0%,0%,0%,0%,0%,0%,1%,0%,0%,0%,1%,
12%,1%,0%,0%,1%,0%,0%,0%,14%,0%,0%,0%,6%,0%,41%,21%,0%,1%,0%,2%,
0%,0%,1%,0%,0%,0%,13%,0%,0%,0%,0%,85%,0%,0%,0%,0%,0%,0%,0%,0%,
0%,14%,0%,0%,10%,0%,0%,0%,0%,0%,0%,0%,1%,0%,0%,57%,0%,0%,0%,16%,
1%,1%,0%,13%,4%,0%,25%,0%,0%,2%,0%,0%,1%,0%,0%,3%,0%,0%,0%,47%,
10%,1%,40%,1%,3%,1%,5%,1%,2%,0%,1%,2%,1%,1%,8%,3%,0%,10%,1%,9%,
84%,0%,0%,0%,0%,0%,0%,0%,0%,0%,0%,0%,0%,0%,0%,8%,0%,7%,0%,0%,
0%,0%,1%,4%,0%,0%,2%,0%,0%,0%,0%,25%,0%,20%,0%,14%,1%,6%,0%,24%,
0%,3%,0%,0%,0%,0%,4%,0%,0%,0%,0%,10%,0%,0%,0%,20%,0%,0%,0%,59%,
0%,0%,0%,0%,0%,0%,0%,0%,0%,0%,0%,0%,0%,0%,0%,97%,0%,0%,0%,1%,
0%,31%,0%,4%,1%,2%,50%,0%,0%,2%,0%,0%,0%,0%,0%,1%,0%,0%,0%,6%,
0%,0%,0%,0%,0%,0%,5%,94%,0%,0%,0%,0%,0%,0%,0%,0%,0%,0%,0%,0%,
0%,0%,0%,0%,0%,0%,5%,94%,0%,0%,0%,0%,0%,0%,0%,0%,0%,0%,0%,0%,
0%,4%,0%,2%,0%,0%,0%,0%,0%,0%,0%,77%,0%,1%,0%,3%,6%,0%,0%,6%,
7%,0%,0%,1%,0%,1%,11%,0%,0%,0%,0%,1%,0%,26%,0%,44%,1%,2%,0%,3%,
0%,0%,0%,0%,0%,0%,0%,0%,0%,0%,0%,0%,0%,0%,0%,96%,0%,0%,0%,1%,
0%,0%,0%,0%,0%,0%,0%,0%,0%,0%,0%,0%,0%,0%,0%,97%,0%,0%,0%,1%,
0%,0%,0%,0%,0%,0%,0%,0%,0%,0%,0%,0%,0%,0%,0%,98%,0%,0%,0%,1%,
0%,0%,0%,0%,68%,0%,0%,0%,0%,0%,28%,0%,2%,0%,0%,0%,0%,0%,0%,1%,
0%,0%,0%,4%,8%,0%,0%,0%,46%,0%,31%,0%,0%,0%,0%,3%,0%,0%,0%,4%,
0%,0%,0%,1%,5%,0%,0%,0%,46%,0%,26%,1%,0%,17%,0%,1%,0%,0%,0%,1%,
1%,1%,0%,0%,22%,0%,1%,0%,0%,0%,0%,0%,1%,0%,0%,67%,0%,0%,0%,5%,
0%,0%,0%,0%,0%,0%,0%,0%,0%,0%,0%,0%,0%,0%,0%,97%,0%,0%,0%,1%,
0%,0%,0%,0%,0%,0%,0%,0%,0%,0%,0%,0%,0%,0%,0%,97%,0%,0%,0%,1%,
1%,2%,1%,0%,3%,0%,1%,0%,1%,0%,0%,1%,1%,0%,0%,79%,0%,1%,0%,8%,
0%,1%,1%,1%,0%,0%,1%,0%,0%,0%,0%,17%,0%,0%,2%,1%,73%,1%,0%,1%,
0%,1%,0%,0%,2%,1%,0%,0%,0%,0%,0%,1%,0%,0%,0%,1%,0%,1%,93%,0%,
0%,3%,0%,2%,35%,1%,4%,0%,1%,6%,0%,0%,26%,2%,0%,5%,0%,1%,0%,14%,
2%,1%,0%,0%,5%,2%,1%,0%,5%,0%,1%,4%,22%,12%,0%,33%,10%,1%,0%,2%,
0%,0%,0%,0%,0%,0%,0%,0%,0%,0%,0%,0%,0%,0%,0%,98%,0%,0%,0%,1%,
0%,0%,0%,0%,0%,0%,3%,0%,0%,0%,0%,1%,0%,0%,0%,91%,0%,0%,0%,3%,
0%,3%,0%,0%,1%,13%,1%,0%,9%,1%,0%,15%,1%,0%,1%,51%,1%,1%,1%,2%,
0%,0%,0%,0%,0%,0%,0%,0%,0%,0%,0%,0%,0%,0%,0%,98%,0%,0%,0%,1%,
17%,0%,0%,0%,6%,1%,43%,0%,0%,0%,0%,0%,0%,0%,0%,3%,0%,27%,0%,1%,
12%,0%,0%,0%,0%,0%,24%,0%,0%,30%,0%,25%,0%,0%,0%,1%,0%,5%,0%,2%,
0%,1%,0%,1%,6%,0%,0%,0%,48%,2%,0%,0%,1%,0%,0%,24%,0%,0%,0%,16%,
0%,7%,0%,2%,7%,1%,0%,0%,0%,1%,0%,43%,1%,0%,0%,17%,0%,0%,8%,11%,
0%,1%,0%,1%,16%,0%,0%,0%,5%,0%,0%,0%,21%,0%,0%,1%,0%,0%,1%,53%,
1%,0%,1%,0%,0%,0%,1%,57%,0%,1%,1%,12%,0%,0%,5%,1%,1%,16%,0%,1%,
0%,0%,0%,0%,0%,0%,2%,0%,0%,0%,0%,6%,0%,0%,0%,8%,34%,44%,0%,3%,
0%,0%,0%,0%,0%,84%,1%,0%,0%,1%,0%,9%,0%,0%,0%,1%,0%,0%,1%,1%,
0%,4%,0%,1%,0%,1%,1%,0%,0%,2%,0%,0%,3%,84%,0%,2%,0%,0%,0%,1%,
0%,0%,0%,1%,0%,0%,0%,0%,0%,0%,0%,0%,0%,0%,0%,0%,95%,0%,0%,3%,
0%,0%,0%,0%,0%,0%,2%,0%,0%,0%,0%,0%,0%,0%,0%,0%,0%,96%,0%,0%,
1%,28%,1%,2%,4%,28%,4%,0%,2%,3%,0%,4%,3%,1%,2%,7%,1%,1%,2%,6%,
0%,0%,0%,0%,0%,0%,0%,0%,0%,0%,0%,0%,0%,98%,0%,0%,0%,0%,0%,0%,
0%,2%,0%,84%,1%,0%,2%,0%,0%,1%,0%,0%,0%,1%,0%,1%,1%,0%,0%,5%,
0%,3%,0%,0%,8%,10%,1%,0%,6%,1%,2%,9%,3%,1%,10%,27%,3%,10%,1%,2%,
1%,0%,4%,0%,0%,0%,5%,0%,0%,0%,0%,42%,0%,0%,0%,43%,3%,1%,0%,1%,
0%,0%,0%,0%,7%,20%,1%,0%,0%,47%,0%,0%,13%,0%,0%,1%,0%,1%,8%,0%,
1%,0%,84%,0%,0%,0%,1%,0%,0%,0%,0%,1%,0%,0%,0%,1%,0%,9%,0%,1%,
0%,19%,0%,0%,0%,0%,0%,0%,0%,0%,0%,0%,0%,0%,79%,0%,0%,0%,0%,1%,
0%,0%,0%,0%,0%,0%,2%,0%,0%,0%,1%,0%,0%,0%,0%,0%,0%,94%,0%,0%,
0%,0%,0%,2%,91%,0%,1%,0%,0%,0%,0%,0%,0%,0%,0%,0%,0%,0%,0%,3%,
1%,0%,1%,0%,0%,3%,33%,0%,0%,0%,0%,2%,1%,0%,1%,3%,17%,36%,0%,1%,
0%,0%,11%,12%,0%,0%,0%,0%,4%,0%,20%,0%,10%,0%,1%,1%,37%,0%,0%,3%,
0%,0%,0%,1%,0%,0%,0%,0%,0%,0%,28%,3%,0%,46%,0%,1%,17%,1%,0%,1%,
0%,3%,0%,0%,59%,0%,0%,0%,0%,35%,0%,0%,1%,0%,0%,1%,0%,0%,0%,1%,
0%,9%,0%,1%,3%,4%,6%,0%,0%,1%,0%,1%,5%,7%,0%,33%,0%,11%,1%,18%,
0%,17%,0%,6%,45%,0%,1%,0%,1%,1%,1%,0%,1%,0%,0%,18%,0%,0%,0%,6%,
0%,0%,30%,18%,1%,0%,22%,0%,0%,0%,0%,0%,0%,0%,0%,0%,0%,0%,0%,27%,
0%,1%,0%,92%,0%,0%,1%,0%,0%,0%,0%,0%,0%,0%,0%,0%,0%,0%,0%,3%,
0%,0%,89%,0%,0%,0%,1%,0%,0%,0%,0%,1%,0%,0%,0%,2%,0%,1%,0%,3%,
5%,0%,1%,1%,1%,0%,20%,6%,0%,1%,17%,42%,0%,0%,0%,1%,0%,2%,1%,1%,
0%,1%,0%,0%,0%,41%,1%,0%,0%,40%,0%,0%,8%,4%,0%,0%,0%,4%,0%,0%,
0%,0%,0%,0%,0%,85%,5%,0%,0%,3%,0%,4%,0%,0%,0%,0%,0%,0%,0%,0%,
0%,0%,0%,0%,0%,93%,2%,0%,0%,0%,0%,0%,2%,0%,0%,1%,0%,0%,0%,0%,
0%,2%,0%,0%,26%,1%,1%,0%,1%,1%,0%,0%,26%,0%,0%,35%,0%,1%,1%,5%,
6%,0%,0%,0%,14%,8%,50%,0%,0%,0%,0%,0%,0%,0%,0%,4%,0%,15%,0%,1%,
0%,43%,0%,4%,0%,0%,3%,0%,0%,0%,0%,1%,0%,0%,0%,21%,2%,0%,0%,24%,
0%,1%,0%,4%,37%,0%,0%,0%,0%,0%,0%,0%,41%,0%,0%,7%,0%,0%,0%,8%,
7%,0%,0%,0%,40%,0%,7%,0%,0%,0%,0%,0%,0%,0%,0%,39%,0%,1%,0%,5%,
0%,1%,1%,0%,0%,1%,1%,0%,11%,0%,0%,39%,1%,0%,1%,36%,1%,3%,1%,3%,
2%,0%,0%,0%,22%,3%,16%,0%,0%,6%,1%,11%,0%,0%,0%,18%,0%,10%,1%,8%,
0%,0%,0%,0%,5%,1%,1%,0%,0%,29%,0%,1%,2%,0%,1%,1%,0%,22%,35%,1%,
0%,0%,0%,0%,0%,9%,30%,0%,0%,0%,0%,26%,0%,0%,18%,2%,0%,0%,0%,12%,
0%,0%,26%,0%,0%,11%,1%,0%,0%,0%,0%,37%,0%,9%,1%,9%,0%,1%,3%,1%,
1%,11%,0%,2%,20%,0%,3%,0%,1%,1%,0%,0%,1%,0%,0%,4%,0%,0%,0%,56%,
0%,1%,1%,2%,3%,0%,1%,0%,0%,0%,0%,0%,0%,0%,0%,3%,0%,0%,0%,86%,
0%,5%,0%,2%,0%,1%,3%,0%,0%,0%,0%,4%,0%,0%,0%,36%,39%,0%,0%,9%,
0%,3%,0%,0%,2%,0%,0%,0%,18%,0%,0%,0%,1%,0%,0%,70%,0%,0%,0%,6%,
3%,6%,25%,1%,1%,3%,11%,0%,0%,0%,0%,17%,0%,12%,1%,4%,0%,5%,0%,9%,
0%,2%,0%,0%,39%,0%,1%,0%,0%,0%,27%,1%,2%,0%,0%,15%,0%,1%,9%,1%,
2%,0%,2%,0%,6%,4%,3%,0%,1%,0%,0%,0%,19%,0%,1%,2%,0%,57%,1%,2%,
1%,12%,38%,2%,2%,1%,18%,0%,0%,0%,0%,1%,1%,0%,3%,1%,0%,15%,0%,4%,
0%,33%,0%,11%,1%,1%,2%,0%,1%,2%,0%,16%,1%,0%,3%,4%,5%,0%,0%,19%,
1%,1%,1%,8%,1%,2%,27%,0%,0%,0%,0%,1%,0%,0%,0%,2%,41%,0%,0%,14%,
0%,0%,0%,0%,5%,0%,2%,0%,0%,0%,0%,0%,7%,0%,0%,1%,0%,83%,0%,0%,
0%,1%,0%,34%,1%,0%,0%,0%,3%,0%,0%,0%,0%,0%,42%,0%,0%,0%,0%,16%,
0%,1%,0%,0%,7%,1%,4%,0%,0%,69%,0%,0%,1%,0%,8%,7%,0%,1%,0%,1%,
0%,50%,0%,12%,2%,0%,1%,0%,1%,0%,0%,0%,1%,0%,1%,3%,3%,0%,0%,25%,
0%,1%,0%,1%,1%,0%,2%,0%,6%,78%,0%,0%,1%,0%,0%,3%,0%,0%,0%,5%,
0%,0%,2%,15%,9%,0%,4%,0%,1%,10%,14%,1%,2%,0%,0%,4%,0%,8%,15%,13%,
1%,0%,1%,1%,1%,0%,10%,0%,0%,0%,52%,4%,0%,0%,0%,2%,0%,1%,0%,26%,
5%,1%,1%,0%,3%,1%,3%,0%,4%,1%,0%,1%,18%,0%,2%,28%,0%,26%,0%,6%,
0%,0%,89%,0%,0%,0%,1%,0%,0%,0%,0%,1%,0%,0%,0%,4%,0%,1%,0%,2%,
0%,43%,0%,3%,7%,0%,0%,0%,1%,0%,0%,0%,10%,0%,0%,8%,0%,0%,0%,25%,
0%,0%,0%,15%,2%,0%,10%,0%,0%,14%,43%,3%,1%,0%,0%,5%,1%,1%,0%,3%,
0%,3%,4%,21%,36%,1%,2%,0%,1%,1%,1%,1%,2%,1%,1%,5%,0%,1%,10%,10%,
1%,0%,0%,7%,0%,0%,13%,0%,0%,3%,0%,46%,0%,0%,0%,25%,4%,0%,0%,1%,
0%,32%,0%,0%,19%,11%,1%,0%,1%,6%,0%,6%,9%,0%,1%,9%,0%,0%,1%,2%,
0%,1%,0%,0%,2%,1%,0%,0%,0%,0%,0%,1%,0%,0%,0%,1%,0%,1%,93%,0%,
35%,0%,0%,3%,16%,0%,4%,0%,0%,0%,0%,0%,0%,0%,0%,1%,0%,13%,0%,27%,
67%,0%,0%,0%,1%,0%,2%,0%,0%,0%,0%,0%,0%,0%,17%,1%,0%,1%,0%,9%,
0%,1%,0%,92%,0%,0%,1%,0%,0%,0%,0%,0%,0%,0%,0%,0%,0%,0%,0%,3%,
0%,0%,0%,0%,0%,46%,1%,0%,0%,0%,0%,1%,4%,0%,0%,1%,45%,0%,0%,0%,
0%,0%,91%,0%,0%,0%,1%,0%,0%,0%,0%,1%,0%,0%,0%,1%,0%,1%,0%,3%,
0%,39%,0%,1%,1%,1%,3%,0%,0%,1%,0%,7%,1%,0%,1%,33%,1%,2%,0%,9%,
0%,0%,14%,37%,0%,0%,14%,0%,0%,0%,0%,0%,0%,0%,0%,1%,0%,0%,0%,30%,
1%,0%,25%,11%,0%,0%,34%,0%,0%,0%,0%,0%,0%,0%,0%,0%,0%,0%,0%,27%,
0%,0%,76%,0%,0%,0%,1%,0%,0%,0%,0%,17%,0%,0%,0%,1%,1%,1%,0%,1%,
19%,26%,8%,4%,2%,1%,3%,1%,2%,0%,0%,1%,1%,10%,8%,4%,1%,2%,1%,6%,
39%,0%,0%,0%,3%,0%,26%,3%,0%,0%,5%,2%,0%,0%,0%,13%,0%,8%,0%,1%,
0%,0%,1%,2%,0%,1%,2%,0%,0%,3%,0%,32%,0%,21%,0%,4%,0%,4%,0%,29%,
0%,1%,0%,92%,0%,0%,1%,0%,0%,0%,0%,0%,0%,0%,0%,0%,0%,0%,0%,3%,
0%,0%,0%,0%,0%,85%,1%,0%,0%,8%,0%,0%,2%,0%,0%,1%,0%,0%,0%,1%,
0%,1%,0%,0%,1%,80%,2%,0%,0%,0%,0%,1%,1%,0%,0%,13%,1%,0%,0%,0%,
0%,0%,0%,0%,1%,79%,3%,0%,4%,1%,0%,3%,3%,0%,1%,1%,0%,1%,0%,1%,
0%,1%,0%,0%,2%,0%,0%,0%,4%,89%,0%,0%,1%,0%,0%,0%,0%,0%,0%,1%,
0%,1%,0%,2%,1%,80%,2%,0%,3%,9%,0%,0%,1%,0%,0%,0%,0%,0%,0%,1%,
0%,1%,0%,0%,1%,4%,4%,0%,0%,46%,0%,1%,16%,0%,0%,24%,0%,1%,2%,2%,
0%,0%,0%,3%,27%,0%,0%,0%,0%,0%,0%,0%,0%,0%,0%,1%,0%,0%,0%,67%,
0%,1%,1%,1%,0%,0%,1%,0%,0%,0%,0%,1%,0%,0%,0%,15%,44%,0%,0%,34%,
69%,0%,0%,0%,1%,5%,17%,0%,0%,2%,0%,0%,0%,0%,0%,1%,0%,3%,0%,0%,
0%,43%,0%,5%,1%,0%,1%,0%,1%,11%,0%,15%,2%,1%,0%,8%,0%,0%,1%,10%,
0%,0%,0%,0%,1%,44%,10%,0%,0%,14%,0%,3%,2%,0%,0%,13%,0%,1%,10%,1%,
0%,24%,0%,0%,4%,0%,0%,0%,4%,0%,0%,0%,0%,0%,64%,1%,0%,0%,0%,2%,
1%,0%,0%,0%,0%,1%,66%,0%,0%,29%,0%,0%,0%,0%,0%,0%,0%,1%,0%,1%,
0%,1%,3%,7%,43%,0%,0%,0%,1%,0%,0%,0%,1%,27%,0%,2%,0%,0%,11%,4%,
1%,0%,59%,1%,1%,1%,4%,0%,0%,0%,1%,3%,1%,0%,1%,4%,0%,17%,1%,5%,
0%,0%,0%,0%,0%,86%,3%,0%,0%,7%,0%,1%,0%,0%,0%,0%,0%,0%,0%,0%,
15%,0%,29%,0%,5%,0%,12%,0%,0%,0%,0%,0%,0%,0%,0%,12%,0%,1%,0%,24%,
0%,1%,0%,1%,25%,1%,2%,0%,1%,55%,1%,8%,0%,0%,0%,1%,0%,0%,1%,3%,
0%,0%,0%,6%,0%,1%,13%,0%,0%,1%,0%,0%,0%,5%,0%,0%,0%,71%,0%,1%,
13%,0%,0%,0%,1%,1%,3%,24%,1%,20%,0%,5%,0%,0%,3%,1%,0%,25%,0%,1%,
0%,0%,0%,1%,0%,0%,78%,0%,0%,15%,0%,1%,0%,0%,0%,1%,0%,1%,0%,2%,
4%,0%,0%,0%,0%,0%,1%,0%,1%,3%,0%,0%,0%,0%,63%,0%,0%,25%,0%,0%,
0%,0%,0%,1%,0%,0%,0%,63%,9%,18%,0%,0%,0%,0%,0%,0%,0%,0%,0%,6%,
0%,0%,0%,0%,0%,11%,5%,0%,0%,1%,0%,4%,0%,0%,0%,2%,0%,23%,52%,0%,
0%,0%,0%,0%,0%,11%,5%,0%,0%,1%,0%,4%,0%,0%,0%,2%,0%,23%,52%,0%,
1%,1%,1%,1%,55%,0%,2%,0%,2%,1%,17%,1%,1%,0%,0%,6%,0%,1%,1%,7%,
3%,1%,11%,0%,2%,1%,1%,0%,2%,1%,1%,11%,1%,0%,0%,44%,6%,5%,1%,9%,
0%,0%,28%,9%,0%,0%,33%,0%,0%,0%,0%,0%,0%,0%,0%,1%,0%,0%,0%,26%,
0%,2%,1%,0%,0%,60%,1%,0%,0%,0%,0%,8%,1%,0%,19%,1%,0%,1%,1%,4%,
0%,0%,27%,13%,1%,0%,39%,0%,0%,0%,0%,0%,0%,0%,0%,1%,0%,0%,0%,18%,
0%,0%,0%,1%,0%,0%,0%,0%,0%,0%,0%,1%,1%,55%,0%,1%,39%,0%,0%,1%,
0%,0%,2%,1%,0%,0%,0%,0%,0%,0%,0%,0%,0%,81%,0%,0%,0%,0%,0%,15%,
1%,2%,0%,1%,30%,24%,4%,0%,2%,16%,0%,2%,3%,0%,1%,2%,0%,1%,6%,3%,
0%,5%,0%,7%,17%,2%,0%,0%,0%,0%,0%,3%,46%,0%,1%,1%,0%,0%,8%,9%,
44%,1%,0%,0%,1%,20%,13%,0%,0%,1%,0%,1%,1%,0%,0%,6%,0%,9%,0%,2%,
14%,0%,0%,4%,43%,0%,1%,0%,0%,0%,0%,0%,0%,0%,0%,18%,0%,0%,0%,19%,
0%,47%,0%,4%,0%,0%,4%,0%,0%,0%,0%,1%,0%,0%,0%,21%,4%,0%,0%,16%,
0%,1%,0%,1%,21%,0%,1%,0%,0%,5%,0%,0%,3%,0%,48%,9%,0%,0%,2%,7%,
0%,14%,0%,5%,0%,0%,1%,0%,0%,10%,0%,2%,38%,0%,0%,1%,13%,0%,0%,12%,
9%,2%,0%,0%,4%,0%,1%,0%,14%,0%,0%,0%,0%,0%,66%,1%,0%,0%,0%,1%,
0%,5%,0%,0%,1%,2%,1%,0%,2%,1%,0%,1%,52%,0%,0%,22%,0%,11%,0%,1%,
0%,1%,0%,5%,0%,0%,4%,0%,0%,1%,1%,58%,0%,0%,0%,2%,11%,0%,0%,14%,
57%,0%,0%,0%,6%,6%,23%,0%,0%,1%,0%,0%,0%,0%,0%,2%,0%,1%,0%,2%,
1%,2%,1%,1%,24%,0%,1%,0%,42%,1%,1%,0%,2%,0%,1%,4%,0%,0%,0%,18%,
0%,1%,0%,92%,0%,0%,1%,0%,0%,0%,0%,0%,0%,0%,0%,0%,0%,0%,0%,3%,
5%,1%,0%,0%,1%,0%,3%,0%,0%,0%,0%,0%,1%,0%,66%,7%,0%,6%,0%,9%,
0%,12%,0%,3%,7%,0%,0%,0%,16%,0%,0%,0%,1%,0%,0%,22%,0%,0%,0%,36%,
0%,0%,91%,0%,0%,0%,1%,0%,0%,0%,0%,1%,0%,0%,0%,1%,0%,1%,0%,2%,
1%,0%,35%,0%,1%,1%,4%,0%,0%,0%,0%,2%,1%,0%,1%,3%,0%,47%,1%,2%,
0%,0%,0%,0%,3%,0%,2%,0%,0%,2%,0%,0%,9%,0%,0%,1%,0%,81%,1%,0%,
1%,2%,1%,0%,1%,1%,2%,0%,1%,0%,0%,2%,1%,0%,0%,81%,0%,1%,0%,4%,
0%,8%,0%,0%,19%,0%,0%,0%,6%,0%,0%,0%,59%,3%,0%,1%,0%,0%,1%,1%,
0%,1%,0%,0%,0%,1%,0%,0%,0%,4%,0%,11%,0%,0%,0%,73%,0%,1%,7%,1%,
0%,15%,0%,0%,2%,2%,3%,0%,2%,6%,0%,12%,18%,0%,10%,21%,2%,3%,1%,2%,
0%,53%,0%,4%,1%,0%,2%,0%,0%,0%,0%,1%,1%,0%,0%,25%,5%,0%,0%,7%,
0%,0%,0%,0%,4%,0%,0%,0%,0%,0%,0%,0%,95%,0%,0%,0%,0%,0%,0%,0%,
0%,0%,0%,0%,1%,0%,0%,0%,0%,0%,0%,0%,97%,0%,0%,0%,0%,0%,0%,0%,
0%,0%,0%,0%,1%,0%,0%,0%,0%,0%,0%,0%,98%,0%,0%,0%,0%,0%,0%,0%,
0%,1%,0%,1%,1%,1%,3%,0%,1%,83%,0%,2%,1%,0%,1%,1%,0%,1%,0%,2%,
0%,0%,0%,0%,0%,0%,0%,0%,0%,0%,0%,0%,91%,0%,0%,6%,0%,0%,0%,1%,
12%,0%,0%,0%,0%,0%,0%,0%,0%,0%,0%,0%,0%,0%,0%,1%,0%,86%,0%,0%,
0%,0%,96%,0%,0%,0%,0%,0%,0%,0%,0%,1%,0%,0%,0%,1%,0%,0%,0%,1%,
0%,13%,1%,1%,0%,1%,1%,0%,1%,0%,0%,10%,2%,0%,28%,12%,25%,1%,0%,3%,
0%,0%,0%,1%,0%,8%,39%,0%,0%,2%,0%,3%,1%,0%,0%,26%,0%,16%,0%,2%,
0%,0%,0%,4%,4%,1%,24%,0%,0%,4%,1%,14%,1%,0%,0%,1%,0%,42%,0%,2%,
0%,1%,7%,0%,1%,0%,0%,0%,29%,0%,1%,2%,0%,0%,0%,17%,0%,0%,0%,39%,
0%,1%,56%,10%,0%,0%,1%,0%,0%,0%,1%,24%,0%,1%,0%,1%,1%,0%,0%,3%,
0%,27%,0%,2%,1%,0%,0%,0%,1%,2%,0%,28%,8%,1%,0%,7%,0%,0%,19%,4%,
0%,3%,0%,3%,1%,0%,1%,0%,0%,4%,0%,1%,57%,0%,1%,4%,1%,0%,0%,23%,
2%,0%,1%,0%,1%,0%,1%,0%,0%,0%,0%,0%,9%,0%,1%,4%,0%,66%,0%,13%,
0%,49%,0%,4%,0%,0%,4%,0%,0%,0%,0%,1%,0%,0%,0%,21%,4%,0%,0%,15%,
5%,0%,18%,8%,1%,0%,54%,0%,0%,0%,0%,0%,0%,0%,0%,1%,0%,6%,0%,5%,
0%,0%,0%,2%,0%,0%,2%,70%,0%,0%,1%,0%,0%,0%,0%,0%,0%,0%,0%,23%,
0%,1%,15%,0%,0%,0%,0%,0%,0%,0%,0%,2%,35%,0%,0%,32%,0%,1%,0%,10%,
0%,0%,76%,0%,0%,0%,1%,0%,0%,0%,0%,17%,0%,0%,0%,1%,1%,1%,0%,1%,
0%,2%,0%,2%,54%,2%,1%,0%,0%,0%,0%,0%,3%,0%,0%,4%,0%,0%,3%,27%,
0%,0%,0%,0%,0%,0%,0%,0%,0%,0%,0%,0%,91%,0%,0%,4%,0%,0%,0%,3%,
0%,0%,0%,0%,0%,0%,0%,0%,0%,0%,0%,0%,83%,0%,0%,13%,0%,0%,0%,2%,
1%,1%,42%,0%,21%,0%,0%,0%,1%,0%,0%,0%,1%,0%,0%,25%,0%,0%,1%,5%,
0%,1%,0%,0%,2%,1%,0%,0%,0%,1%,0%,1%,1%,0%,0%,1%,0%,1%,90%,1%,
0%,0%,0%,1%,0%,0%,4%,0%,0%,0%,0%,1%,0%,49%,0%,3%,0%,1%,0%,38%,
0%,33%,0%,1%,23%,0%,0%,0%,1%,0%,0%,0%,3%,0%,0%,11%,0%,0%,0%,27%,
0%,46%,0%,1%,24%,2%,0%,0%,1%,14%,0%,0%,6%,0%,0%,1%,0%,0%,3%,1%,
1%,1%,0%,0%,37%,5%,17%,0%,0%,6%,0%,0%,1%,0%,0%,22%,0%,7%,1%,1%,
0%,0%,92%,0%,0%,0%,1%,0%,0%,0%,0%,1%,0%,0%,0%,1%,0%,1%,0%,2%,
0%,1%,86%,2%,1%,0%,1%,0%,0%,0%,0%,1%,0%,0%,0%,1%,0%,0%,0%,4%,
0%,2%,0%,1%,63%,0%,0%,0%,25%,1%,1%,0%,2%,0%,0%,2%,0%,0%,0%,3%,
0%,7%,0%,0%,1%,0%,0%,0%,1%,0%,29%,45%,0%,0%,0%,1%,4%,0%,11%,0%,
0%,1%,0%,0%,0%,1%,1%,0%,0%,1%,0%,72%,0%,0%,0%,14%,3%,1%,0%,4%,
8%,0%,0%,0%,0%,1%,4%,0%,12%,0%,0%,2%,0%,0%,0%,14%,48%,9%,0%,1%,
1%,0%,16%,0%,1%,0%,2%,0%,0%,0%,36%,10%,4%,0%,0%,12%,0%,12%,2%,1%,
0%,1%,0%,1%,0%,1%,1%,0%,0%,6%,0%,53%,0%,31%,0%,1%,1%,1%,0%,1%,
1%,1%,79%,1%,1%,0%,2%,0%,0%,0%,1%,2%,0%,0%,1%,3%,0%,1%,0%,6%,
0%,0%,0%,0%,0%,0%,0%,0%,0%,0%,0%,2%,0%,0%,8%,1%,85%,0%,0%,1%,
0%,0%,0%,0%,0%,0%,1%,0%,0%,90%,0%,1%,0%,0%,0%,0%,0%,6%,0%,0%,
0%,0%,92%,0%,0%,0%,1%,0%,0%,0%,0%,1%,0%,0%,0%,1%,0%,0%,0%,2%,
0%,3%,2%,1%,4%,3%,5%,0%,0%,0%,5%,12%,10%,0%,1%,32%,12%,1%,0%,7%,
0%,0%,0%,0%,0%,93%,5%,0%,0%,1%,0%,0%,0%,0%,0%,0%,0%,0%,0%,0%,
0%,9%,0%,2%,1%,1%,1%,0%,0%,3%,61%,13%,0%,0%,0%,1%,6%,0%,0%,1%,
9%,0%,2%,0%,0%,0%,2%,4%,1%,0%,3%,1%,0%,0%,71%,0%,3%,1%,0%,1%,
1%,1%,62%,8%,1%,0%,6%,5%,0%,0%,2%,2%,1%,0%,1%,2%,1%,3%,0%,5%,
0%,3%,1%,2%,1%,1%,1%,0%,8%,1%,1%,47%,0%,0%,15%,2%,0%,1%,6%,11%,
0%,14%,0%,0%,0%,0%,0%,0%,1%,0%,0%,1%,4%,0%,5%,5%,0%,67%,0%,1%,
50%,0%,8%,0%,1%,3%,1%,0%,18%,0%,0%,0%,1%,0%,11%,2%,0%,1%,0%,4%,
0%,3%,0%,2%,0%,0%,0%,0%,0%,82%,0%,5%,0%,0%,0%,0%,5%,0%,0%,1%,
1%,2%,1%,1%,6%,2%,7%,0%,2%,2%,0%,2%,24%,0%,1%,29%,1%,4%,1%,13%,
1%,1%,0%,1%,73%,0%,2%,0%,1%,1%,2%,0%,1%,0%,0%,7%,0%,1%,1%,8%,
1%,1%,4%,1%,0%,1%,25%,0%,0%,4%,0%,53%,0%,0%,0%,4%,0%,1%,0%,4%,
64%,0%,0%,0%,0%,0%,27%,0%,0%,0%,0%,0%,0%,0%,0%,0%,0%,6%,0%,1%,
1%,1%,32%,2%,1%,0%,3%,33%,1%,0%,2%,8%,0%,0%,1%,3%,3%,2%,0%,6%,
0%,0%,0%,0%,0%,0%,11%,0%,0%,0%,0%,1%,0%,0%,0%,27%,1%,0%,0%,57%,
1%,1%,40%,1%,2%,1%,1%,0%,1%,0%,0%,2%,1%,0%,0%,2%,0%,1%,44%,2%,
1%,1%,4%,3%,6%,1%,36%,0%,0%,0%,1%,1%,0%,0%,0%,19%,0%,0%,4%,22%,
1%,0%,0%,0%,18%,0%,15%,0%,46%,0%,1%,0%,0%,0%,0%,2%,0%,0%,0%,14%,
5%,0%,0%,0%,0%,0%,12%,0%,0%,0%,50%,1%,0%,0%,0%,9%,0%,20%,0%,1%,
1%,1%,1%,0%,18%,7%,8%,0%,0%,0%,0%,0%,3%,0%,1%,19%,0%,37%,1%,2%,
0%,0%,0%,0%,0%,0%,0%,0%,0%,0%,98%,0%,0%,0%,0%,0%,0%,0%,0%,0%,
0%,1%,0%,1%,48%,0%,1%,0%,1%,0%,0%,0%,1%,0%,0%,3%,0%,0%,0%,44%,
0%,1%,1%,7%,1%,0%,1%,0%,31%,1%,0%,1%,0%,0%,0%,3%,0%,0%,0%,51%,
0%,19%,0%,9%,1%,6%,1%,0%,0%,1%,0%,17%,1%,1%,0%,33%,0%,0%,1%,7%,
0%,88%,0%,1%,4%,0%,0%,0%,0%,3%,0%,0%,0%,0%,0%,1%,0%,0%,0%,1%,
0%,3%,0%,3%,0%,0%,0%,0%,0%,0%,0%,76%,0%,1%,0%,0%,14%,0%,0%,1%,
0%,22%,0%,1%,4%,21%,0%,0%,10%,4%,0%,1%,8%,0%,16%,1%,0%,0%,2%,10%,
0%,0%,0%,0%,7%,0%,0%,0%,0%,0%,90%,0%,0%,0%,0%,0%,0%,0%,0%,0%,
0%,3%,0%,5%,2%,2%,0%,0%,56%,27%,0%,0%,1%,1%,1%,0%,0%,0%,1%,1%,
0%,53%,0%,0%,8%,2%,0%,0%,2%,1%,0%,0%,2%,0%,0%,10%,0%,0%,19%,1%,
11%,0%,0%,0%,49%,0%,1%,0%,0%,0%,0%,0%,0%,0%,0%,32%,0%,0%,0%,6%,
0%,0%,0%,0%,0%,0%,0%,0%,96%,0%,0%,0%,0%,0%,0%,3%,0%,0%,0%,0%,
0%,1%,6%,14%,0%,1%,40%,0%,0%,1%,0%,3%,0%,0%,1%,1%,11%,17%,0%,4%,
0%,70%,0%,1%,9%,1%,0%,0%,2%,1%,0%,2%,1%,1%,1%,1%,0%,0%,1%,8%,
3%,13%,0%,22%,1%,0%,1%,0%,0%,0%,0%,0%,0%,47%,0%,1%,0%,0%,0%,10%,
54%,0%,1%,0%,0%,0%,28%,0%,0%,0%,0%,10%,0%,0%,0%,0%,0%,5%,0%,1%,
1%,3%,0%,1%,2%,1%,1%,0%,42%,2%,1%,1%,1%,1%,37%,2%,0%,1%,0%,4%,
0%,0%,7%,0%,0%,0%,0%,0%,75%,0%,0%,7%,1%,0%,0%,1%,7%,0%,0%,1%,
0%,0%,0%,0%,1%,0%,0%,0%,1%,96%,0%,0%,1%,0%,0%,0%,0%,0%,0%,0%,
0%,26%,0%,2%,5%,0%,1%,0%,0%,0%,0%,0%,0%,0%,0%,1%,0%,0%,0%,63%,
0%,38%,0%,2%,3%,0%,0%,0%,0%,0%,0%,0%,0%,0%,0%,1%,0%,0%,0%,55%,
0%,51%,0%,1%,0%,0%,1%,0%,0%,0%,0%,8%,0%,0%,1%,18%,9%,0%,0%,9%,
0%,0%,89%,0%,0%,0%,1%,0%,0%,0%,0%,1%,0%,0%,0%,4%,0%,1%,0%,2%,
0%,1%,4%,2%,0%,0%,2%,0%,1%,0%,2%,29%,0%,1%,0%,22%,8%,1%,0%,25%,
1%,1%,7%,0%,1%,0%,4%,0%,0%,0%,0%,1%,0%,0%,0%,81%,0%,1%,0%,3%,
0%,0%,0%,0%,2%,0%,0%,0%,46%,0%,0%,0%,1%,0%,0%,1%,0%,0%,0%,50%,
0%,1%,0%,2%,1%,0%,4%,0%,0%,0%,0%,0%,1%,0%,0%,32%,0%,0%,0%,57%,
0%,0%,0%,0%,0%,0%,0%,0%,95%,0%,0%,0%,0%,0%,0%,4%,0%,0%,0%,0%,
0%,0%,94%,0%,0%,0%,1%,0%,0%,0%,0%,1%,0%,0%,0%,1%,0%,0%,0%,2%,
0%,4%,0%,3%,0%,1%,2%,0%,0%,9%,0%,54%,1%,0%,0%,19%,1%,0%,0%,3%,
0%,8%,0%,1%,0%,1%,2%,0%,0%,0%,0%,37%,0%,0%,0%,1%,14%,0%,0%,35%,
0%,6%,0%,1%,8%,0%,0%,0%,11%,0%,8%,5%,1%,0%,1%,43%,3%,0%,0%,11%,
11%,3%,0%,1%,0%,1%,1%,0%,0%,0%,0%,1%,0%,1%,0%,78%,1%,0%,0%,1%,
0%,2%,0%,2%,19%,0%,1%,0%,0%,64%,0%,0%,2%,0%,0%,1%,0%,0%,0%,8%,
1%,0%,0%,0%,27%,1%,59%,0%,0%,0%,1%,0%,0%,0%,0%,1%,0%,6%,2%,1%,
2%,0%,1%,1%,0%,8%,2%,0%,0%,1%,0%,15%,0%,1%,1%,1%,0%,56%,0%,11%,
1%,0%,40%,0%,1%,0%,0%,0%,25%,0%,0%,0%,1%,0%,0%,22%,0%,0%,0%,8%,
0%,21%,16%,1%,8%,0%,1%,0%,0%,0%,0%,0%,0%,0%,0%,14%,0%,0%,0%,39%,
0%,1%,0%,38%,9%,0%,1%,0%,0%,0%,4%,0%,0%,0%,0%,0%,0%,0%,0%,46%,
0%,1%,0%,9%,1%,0%,1%,0%,23%,22%,0%,0%,0%,0%,39%,0%,0%,0%,0%,2%,
0%,1%,0%,12%,0%,0%,0%,0%,10%,23%,0%,0%,0%,0%,43%,0%,0%,0%,0%,8%,
0%,71%,0%,7%,1%,0%,1%,0%,0%,0%,0%,0%,0%,0%,0%,16%,0%,0%,0%,3%,
1%,8%,2%,2%,4%,2%,7%,0%,12%,1%,1%,4%,3%,1%,1%,36%,3%,1%,0%,8%,
0%,61%,0%,4%,0%,0%,2%,0%,0%,0%,0%,0%,0%,0%,0%,5%,5%,0%,0%,22%,
0%,1%,0%,3%,7%,0%,1%,0%,1%,0%,0%,0%,5%,0%,1%,69%,0%,0%,0%,10%,
0%,16%,0%,0%,11%,1%,0%,0%,0%,0%,0%,0%,22%,0%,0%,46%,0%,0%,0%,2%,
10%,57%,0%,5%,0%,0%,17%,0%,0%,0%,0%,0%,0%,0%,0%,8%,1%,0%,0%,1%,
0%,0%,0%,0%,0%,0%,10%,0%,0%,0%,0%,0%,0%,0%,76%,0%,0%,12%,0%,0%,
0%,1%,1%,1%,1%,1%,10%,0%,0%,0%,0%,1%,0%,0%,0%,12%,1%,0%,0%,70%,
20%,0%,0%,0%,11%,0%,1%,0%,3%,0%,19%,0%,0%,16%,0%,6%,0%,0%,0%,22%,
0%,58%,0%,3%,0%,0%,2%,0%,0%,0%,0%,0%,0%,0%,0%,17%,0%,0%,0%,18%,
0%,63%,0%,9%,0%,1%,2%,0%,0%,0%,0%,0%,1%,0%,0%,20%,0%,0%,0%,3%,
0%,82%,0%,6%,1%,0%,0%,0%,0%,0%,0%,0%,0%,0%,0%,2%,0%,0%,0%,5%,
0%,0%,0%,0%,0%,1%,1%,0%,0%,0%,0%,1%,0%,0%,80%,0%,0%,14%,0%,1%,
9%,0%,0%,0%,0%,0%,8%,0%,0%,4%,0%,0%,10%,0%,0%,20%,0%,46%,0%,1%,
2%,0%,0%,0%,0%,0%,6%,0%,0%,0%,36%,1%,0%,0%,0%,1%,0%,52%,0%,1%,
0%,0%,90%,0%,0%,0%,1%,0%,0%,0%,0%,1%,0%,0%,0%,1%,0%,1%,0%,3%,
0%,15%,0%,0%,0%,0%,0%,0%,82%,0%,0%,0%,0%,0%,0%,1%,0%,0%,0%,0%,
0%,4%,0%,6%,21%,0%,1%,2%,2%,5%,2%,0%,24%,0%,10%,8%,0%,1%,0%,12%,
74%,0%,0%,0%,0%,0%,21%,0%,0%,0%,0%,0%,0%,0%,0%,0%,0%,0%,0%,4%,
0%,62%,0%,4%,0%,0%,2%,0%,0%,0%,0%,0%,0%,0%,0%,5%,5%,0%,0%,21%,
0%,7%,0%,1%,60%,0%,0%,0%,1%,0%,20%,0%,0%,0%,0%,2%,0%,0%,0%,8%,
1%,8%,0%,2%,32%,0%,1%,13%,2%,1%,1%,0%,2%,0%,0%,11%,0%,0%,0%,25%,
0%,27%,0%,0%,0%,0%,0%,0%,68%,0%,0%,0%,0%,0%,1%,3%,0%,0%,0%,0%,
0%,1%,0%,0%,39%,4%,3%,0%,0%,0%,0%,4%,1%,0%,0%,25%,0%,0%,0%,19%,
0%,0%,0%,0%,0%,1%,1%,0%,0%,0%,0%,1%,0%,0%,81%,0%,0%,14%,0%,0%,
0%,7%,0%,5%,22%,0%,2%,0%,1%,6%,0%,0%,1%,0%,0%,44%,0%,0%,6%,6%,
1%,0%,0%,0%,3%,0%,6%,0%,0%,3%,0%,0%,1%,0%,0%,17%,0%,43%,1%,22%,
0%,30%,25%,1%,3%,0%,1%,0%,1%,0%,0%,1%,1%,0%,0%,28%,0%,0%,1%,6%,
0%,7%,0%,0%,0%,31%,1%,0%,0%,1%,0%,1%,11%,0%,0%,3%,43%,0%,0%,0%,
0%,8%,0%,0%,0%,30%,1%,0%,0%,1%,0%,1%,10%,0%,0%,3%,45%,0%,0%,0%,
0%,22%,2%,0%,1%,0%,0%,0%,5%,0%,0%,10%,1%,0%,0%,50%,0%,0%,4%,4%,
0%,1%,0%,37%,0%,0%,1%,0%,1%,8%,21%,7%,0%,0%,0%,0%,20%,0%,0%,4%,
4%,3%,1%,16%,2%,0%,3%,48%,2%,1%,3%,1%,0%,1%,1%,6%,1%,1%,0%,7%,
53%,0%,0%,0%,12%,0%,2%,1%,8%,8%,0%,0%,0%,0%,0%,1%,0%,2%,0%,9%,
0%,14%,1%,2%,0%,0%,5%,0%,0%,0%,0%,10%,0%,0%,0%,57%,8%,0%,0%,2%,
0%,0%,0%,0%,18%,0%,1%,0%,1%,0%,46%,0%,0%,0%,0%,16%,0%,1%,0%,16%,
8%,0%,2%,18%,0%,0%,7%,6%,0%,0%,4%,1%,0%,1%,0%,8%,2%,0%,0%,41%,
7%,1%,1%,6%,5%,1%,8%,10%,1%,3%,0%,0%,31%,0%,4%,2%,0%,2%,13%,6%,
0%,0%,0%,1%,0%,0%,1%,0%,0%,86%,0%,0%,0%,0%,0%,0%,0%,0%,0%,12%,
0%,0%,0%,1%,0%,0%,1%,0%,0%,86%,0%,0%,0%,0%,0%,0%,0%,0%,0%,12%,
0%,0%,0%,2%,0%,0%,1%,0%,0%,90%,0%,0%,0%,0%,0%,0%,0%,0%,0%,6%,
1%,1%,0%,1%,85%,1%,1%,0%,1%,1%,1%,0%,1%,0%,0%,2%,0%,0%,1%,4%,
0%,95%,0%,2%,0%,0%,0%,0%,0%,0%,0%,0%,0%,0%,0%,0%,0%,0%,0%,2%,
0%,79%,0%,5%,1%,7%,0%,0%,0%,6%,0%,0%,0%,0%,0%,0%,0%,0%,0%,1%,
0%,1%,1%,1%,0%,0%,2%,0%,0%,0%,0%,62%,0%,0%,0%,3%,11%,0%,0%,16%,
0%,29%,1%,1%,3%,2%,0%,0%,2%,1%,0%,2%,1%,1%,7%,2%,0%,1%,46%,2%,
54%,0%,11%,0%,30%,0%,0%,0%,0%,0%,0%,0%,0%,0%,1%,1%,0%,0%,0%,1%,
0%,1%,0%,59%,1%,0%,1%,5%,0%,0%,11%,0%,0%,1%,5%,0%,0%,0%,0%,16%,
0%,79%,0%,4%,1%,0%,2%,0%,0%,0%,0%,0%,1%,0%,0%,7%,1%,0%,0%,2%,
0%,69%,0%,1%,1%,1%,1%,0%,0%,1%,0%,1%,1%,0%,0%,22%,0%,0%,0%,2%,
0%,0%,0%,1%,0%,1%,1%,0%,0%,0%,0%,44%,0%,0%,0%,36%,12%,2%,0%,1%,
0%,0%,0%,1%,0%,0%,0%,0%,0%,0%,0%,1%,0%,0%,0%,37%,41%,0%,0%,18%,
0%,14%,0%,1%,26%,0%,0%,0%,27%,27%,0%,0%,1%,0%,0%,1%,0%,0%,0%,1%,
7%,34%,0%,0%,17%,0%,1%,0%,1%,0%,0%,0%,3%,0%,0%,32%,0%,1%,1%,2%,
1%,0%,1%,1%,1%,0%,5%,0%,0%,0%,0%,0%,12%,0%,0%,3%,15%,45%,0%,14%,
0%,0%,0%,0%,0%,7%,0%,0%,6%,0%,0%,0%,3%,0%,1%,1%,0%,81%,0%,0%,
0%,43%,3%,1%,0%,0%,0%,0%,1%,0%,0%,13%,0%,0%,6%,3%,0%,0%,0%,28%,
0%,91%,0%,0%,0%,1%,0%,0%,0%,0%,0%,0%,0%,0%,0%,6%,0%,0%,0%,1%,
0%,94%,0%,0%,1%,0%,0%,0%,0%,0%,0%,0%,0%,0%,0%,3%,0%,0%,0%,0%,
0%,1%,0%,0%,1%,57%,19%,0%,0%,2%,0%,1%,4%,0%,7%,1%,0%,1%,5%,1%,
0%,3%,0%,3%,1%,0%,2%,0%,1%,2%,0%,0%,1%,0%,0%,83%,0%,0%,0%,4%,
0%,1%,1%,2%,0%,0%,2%,33%,1%,0%,1%,2%,0%,0%,1%,2%,49%,0%,0%,5%,
0%,3%,1%,22%,2%,1%,1%,1%,32%,2%,2%,2%,1%,2%,17%,1%,2%,1%,0%,8%,
0%,0%,0%,7%,0%,0%,75%,0%,0%,1%,0%,0%,0%,0%,0%,1%,0%,0%,0%,14%,
5%,1%,1%,3%,0%,0%,4%,4%,6%,3%,1%,15%,0%,0%,37%,2%,1%,11%,0%,5%,
0%,0%,0%,1%,0%,0%,3%,0%,0%,66%,0%,26%,0%,0%,0%,0%,0%,0%,0%,0%,
0%,0%,0%,0%,97%,0%,0%,0%,0%,0%,0%,0%,0%,0%,0%,0%,0%,0%,0%,1%,
1%,0%,83%,1%,1%,0%,2%,0%,0%,0%,0%,2%,0%,0%,0%,3%,0%,1%,0%,5%,
0%,2%,1%,0%,0%,0%,0%,0%,0%,0%,0%,70%,0%,0%,0%,22%,0%,0%,0%,1%,
0%,0%,1%,1%,2%,0%,2%,1%,1%,0%,84%,1%,0%,0%,0%,2%,0%,1%,0%,3%,
0%,0%,0%,0%,0%,7%,0%,0%,6%,0%,0%,0%,2%,0%,1%,1%,0%,81%,0%,0%,
0%,0%,0%,11%,1%,0%,1%,0%,0%,0%,67%,1%,0%,0%,0%,15%,1%,0%,0%,2%,
1%,2%,0%,0%,80%,0%,1%,0%,2%,0%,0%,0%,1%,0%,1%,1%,0%,6%,0%,3%,
0%,7%,0%,1%,0%,0%,11%,0%,0%,0%,0%,9%,0%,0%,0%,36%,24%,0%,0%,8%,
0%,0%,0%,0%,0%,6%,8%,0%,0%,0%,0%,5%,0%,0%,0%,0%,79%,0%,0%,1%,
0%,0%,0%,2%,0%,0%,0%,0%,0%,0%,0%,0%,0%,0%,0%,39%,37%,0%,0%,20%,
1%,0%,0%,0%,0%,39%,13%,0%,0%,1%,0%,8%,0%,0%,0%,1%,1%,34%,0%,0%,
0%,2%,1%,1%,1%,1%,2%,0%,1%,1%,0%,8%,2%,0%,1%,50%,12%,4%,0%,12%,
0%,17%,11%,0%,14%,0%,0%,0%,0%,0%,0%,0%,15%,0%,0%,39%,0%,0%,0%,1%,
0%,0%,0%,0%,0%,0%,0%,0%,0%,0%,98%,0%,0%,0%,0%,0%,0%,0%,0%,0%,
0%,1%,69%,1%,1%,0%,1%,0%,0%,0%,0%,1%,18%,0%,1%,3%,0%,1%,0%,3%,
0%,1%,75%,1%,0%,0%,1%,0%,0%,0%,1%,11%,0%,0%,1%,2%,1%,1%,1%,3%,
0%,28%,0%,49%,1%,0%,1%,0%,1%,1%,0%,1%,1%,1%,1%,1%,1%,0%,0%,12%,
0%,0%,0%,0%,0%,0%,0%,0%,0%,0%,99%,0%,0%,0%,0%,0%,0%,0%,0%,0%,
0%,0%,0%,0%,0%,0%,0%,0%,0%,0%,99%,0%,0%,0%,0%,0%,0%,0%,0%,0%,
1%,0%,0%,0%,0%,2%,8%,0%,0%,56%,0%,0%,0%,0%,0%,1%,0%,24%,1%,6%,
29%,0%,3%,0%,0%,0%,22%,0%,0%,0%,0%,0%,0%,0%,0%,0%,0%,43%,0%,1%,
0%,0%,0%,1%,0%,0%,1%,0%,0%,0%,0%,1%,0%,0%,0%,44%,40%,0%,0%,12%,
0%,0%,86%,1%,0%,0%,1%,0%,0%,0%,0%,2%,0%,0%,0%,2%,0%,1%,0%,4%,
0%,0%,0%,1%,0%,1%,17%,0%,0%,0%,0%,9%,0%,0%,0%,0%,69%,1%,0%,1%,
0%,63%,13%,6%,1%,0%,0%,2%,0%,0%,0%,0%,0%,0%,0%,1%,0%,0%,0%,12%,
0%,1%,0%,1%,5%,11%,0%,0%,0%,0%,9%,18%,0%,5%,0%,1%,47%,0%,0%,1%,
0%,2%,1%,2%,0%,0%,2%,0%,0%,0%,0%,2%,1%,0%,0%,23%,53%,0%,0%,11%,
0%,5%,1%,9%,1%,1%,1%,0%,5%,1%,1%,4%,1%,7%,6%,13%,1%,1%,0%,41%,
0%,2%,3%,1%,3%,1%,1%,0%,0%,0%,1%,15%,0%,10%,0%,17%,0%,0%,7%,40%,
9%,0%,1%,0%,0%,0%,0%,0%,74%,0%,0%,0%,0%,0%,0%,8%,0%,0%,0%,6%,
0%,69%,0%,7%,0%,1%,0%,0%,0%,0%,0%,18%,0%,1%,0%,0%,0%,0%,0%,4%,
0%,1%,1%,14%,0%,0%,20%,1%,0%,1%,0%,1%,0%,0%,0%,1%,50%,0%,0%,8%,
99%,0%,0%,0%,0%,0%,0%,0%,0%,0%,0%,0%,0%,0%,0%,0%,0%,0%,0%,0%,
99%,0%,0%,0%,0%,0%,0%,0%,0%,0%,0%,0%,0%,0%,0%,0%,0%,0%,0%,0%,
32%,0%,1%,0%,0%,0%,23%,0%,0%,0%,0%,0%,0%,0%,0%,0%,0%,42%,0%,1%,
0%,0%,29%,0%,0%,0%,0%,0%,0%,0%,0%,25%,0%,0%,0%,0%,43%,0%,0%,2%,
0%,0%,1%,1%,1%,91%,2%,0%,0%,0%,0%,0%,0%,0%,0%,0%,0%,0%,0%,1%,
3%,3%,0%,0%,17%,5%,3%,0%,0%,0%,0%,0%,2%,0%,0%,24%,0%,38%,3%,2%,
0%,3%,0%,0%,0%,5%,0%,0%,1%,1%,0%,20%,1%,0%,0%,28%,0%,1%,37%,1%,
1%,0%,0%,0%,3%,0%,12%,0%,7%,1%,66%,0%,0%,0%,0%,5%,0%,1%,0%,2%,
0%,0%,2%,0%,1%,0%,1%,0%,0%,0%,0%,0%,0%,0%,0%,87%,0%,0%,0%,7%,
0%,0%,0%,0%,0%,0%,3%,0%,0%,4%,0%,32%,1%,0%,0%,31%,0%,3%,0%,24%,
0%,13%,1%,2%,1%,1%,1%,0%,1%,1%,0%,61%,3%,1%,1%,3%,1%,0%,1%,9%,
0%,0%,94%,0%,0%,0%,1%,0%,0%,0%,0%,1%,0%,0%,0%,1%,0%,0%,0%,2%,
0%,0%,2%,0%,1%,0%,1%,0%,0%,0%,0%,0%,0%,0%,0%,87%,0%,0%,0%,7%,
4%,0%,0%,0%,0%,91%,3%,0%,0%,0%,0%,0%,0%,0%,0%,0%,0%,0%,0%,0%,
0%,0%,0%,0%,0%,0%,3%,0%,0%,3%,0%,33%,1%,0%,0%,31%,0%,3%,0%,24%,
0%,0%,0%,1%,1%,1%,2%,0%,7%,21%,0%,0%,53%,0%,0%,1%,0%,1%,0%,10%,
61%,0%,1%,3%,0%,0%,17%,0%,0%,0%,0%,0%,0%,0%,0%,0%,0%,2%,0%,14%,
0%,0%,0%,4%,26%,0%,8%,0%,43%,0%,10%,0%,0%,0%,0%,0%,0%,0%,0%,6%,
11%,0%,0%,1%,1%,0%,10%,24%,6%,1%,0%,0%,0%,0%,0%,22%,0%,1%,0%,23%,
1%,2%,1%,0%,6%,1%,1%,0%,1%,1%,0%,1%,2%,0%,0%,30%,0%,2%,47%,3%,
0%,0%,84%,0%,0%,0%,1%,0%,0%,0%,0%,1%,0%,0%,0%,9%,0%,0%,0%,2%,
0%,0%,89%,0%,0%,0%,1%,0%,0%,0%,0%,0%,0%,0%,0%,7%,0%,0%,0%,1%,
1%,1%,79%,1%,1%,0%,2%,0%,0%,0%,0%,2%,0%,0%,1%,3%,1%,1%,0%,6%,
1%,2%,56%,1%,1%,1%,3%,0%,1%,0%,1%,3%,1%,0%,1%,16%,1%,2%,1%,9%,
12%,0%,1%,0%,0%,0%,1%,13%,1%,0%,36%,0%,0%,0%,0%,1%,20%,0%,0%,14%,
1%,0%,0%,0%,0%,0%,1%,0%,0%,0%,0%,0%,0%,72%,0%,0%,0%,0%,0%,23%,
0%,0%,0%,0%,0%,94%,5%,0%,0%,0%,0%,0%,0%,0%,0%,0%,0%,0%,0%,0%,
0%,4%,15%,36%,1%,0%,0%,0%,0%,0%,0%,0%,0%,0%,0%,1%,0%,0%,0%,41%,
9%,1%,19%,30%,6%,7%,13%,0%,0%,0%,0%,0%,0%,0%,0%,1%,0%,0%,3%,10%,
5%,0%,0%,0%,29%,0%,0%,0%,1%,0%,58%,0%,0%,0%,0%,0%,0%,0%,0%,5%,
10%,0%,28%,0%,0%,0%,3%,0%,0%,7%,0%,0%,0%,0%,1%,4%,0%,16%,0%,29%,
0%,1%,1%,3%,0%,0%,5%,0%,0%,9%,0%,1%,1%,0%,14%,0%,0%,63%,0%,1%,
14%,0%,0%,0%,1%,11%,1%,0%,10%,3%,0%,2%,0%,11%,0%,1%,0%,43%,1%,0%,
1%,2%,0%,1%,3%,0%,0%,0%,68%,1%,1%,1%,1%,0%,1%,11%,0%,1%,0%,7%,
0%,0%,3%,0%,0%,1%,1%,0%,1%,0%,0%,1%,12%,0%,24%,14%,0%,36%,0%,5%,
0%,1%,1%,0%,0%,36%,3%,0%,0%,1%,0%,47%,1%,1%,1%,2%,1%,2%,1%,2%,
0%,1%,30%,4%,2%,1%,1%,0%,1%,0%,1%,2%,1%,1%,1%,1%,0%,1%,48%,3%,
0%,3%,0%,0%,0%,0%,9%,29%,0%,38%,9%,2%,0%,0%,0%,6%,0%,1%,0%,1%,
0%,46%,0%,4%,1%,1%,0%,0%,1%,1%,0%,1%,1%,22%,18%,1%,0%,0%,0%,3%,
0%,1%,0%,9%,1%,4%,7%,0%,0%,72%,0%,0%,0%,0%,0%,0%,0%,0%,3%,2%,
0%,1%,0%,6%,19%,0%,1%,0%,3%,0%,3%,0%,1%,0%,15%,1%,21%,0%,0%,27%,
0%,30%,1%,0%,0%,1%,0%,0%,0%,0%,0%,36%,25%,0%,0%,3%,1%,0%,0%,2%,
0%,28%,2%,3%,0%,13%,0%,0%,1%,1%,0%,33%,3%,3%,0%,2%,0%,0%,8%,2%,
0%,56%,0%,1%,7%,1%,0%,0%,17%,1%,0%,0%,1%,0%,1%,6%,0%,0%,1%,7%,
1%,2%,1%,1%,2%,0%,2%,0%,1%,0%,0%,2%,1%,0%,0%,26%,0%,0%,0%,58%,
0%,0%,1%,1%,0%,2%,15%,0%,0%,0%,0%,18%,0%,0%,0%,8%,12%,1%,0%,40%,
0%,1%,0%,0%,0%,0%,2%,0%,0%,6%,0%,38%,0%,0%,0%,31%,16%,2%,0%,3%,
0%,0%,0%,0%,0%,99%,1%,0%,0%,0%,0%,0%,0%,0%,0%,0%,0%,0%,0%,0%,
0%,9%,0%,0%,0%,15%,2%,0%,0%,1%,0%,50%,0%,0%,4%,1%,0%,15%,1%,1%,
0%,0%,80%,1%,1%,0%,1%,0%,0%,0%,0%,1%,0%,0%,0%,2%,0%,1%,0%,11%,
0%,0%,0%,0%,0%,0%,0%,0%,0%,0%,99%,0%,0%,0%,0%,0%,0%,0%,0%,0%,
0%,0%,0%,0%,0%,0%,0%,0%,0%,0%,99%,0%,0%,0%,0%,0%,0%,0%,0%,0%,
0%,2%,1%,1%,0%,0%,1%,0%,0%,0%,0%,0%,0%,0%,80%,1%,0%,0%,0%,13%,
0%,0%,1%,0%,0%,0%,0%,0%,0%,0%,49%,20%,0%,10%,15%,1%,0%,2%,0%,1%,
0%,47%,0%,0%,0%,1%,0%,0%,0%,0%,0%,35%,9%,0%,0%,1%,0%,0%,2%,1%,
0%,0%,0%,7%,7%,0%,0%,0%,0%,0%,6%,72%,0%,0%,0%,0%,0%,0%,0%,5%,
0%,0%,0%,6%,2%,0%,0%,0%,11%,0%,15%,0%,0%,0%,32%,0%,0%,0%,0%,31%,
0%,2%,0%,3%,4%,0%,0%,0%,43%,1%,1%,0%,16%,0%,1%,16%,0%,0%,0%,11%,
0%,0%,1%,0%,1%,1%,2%,0%,0%,0%,13%,44%,0%,0%,0%,13%,0%,17%,0%,5%,
0%,0%,0%,0%,1%,0%,3%,0%,0%,84%,0%,1%,1%,0%,0%,2%,0%,6%,0%,1%,
0%,1%,0%,0%,1%,1%,3%,0%,0%,86%,0%,1%,1%,0%,0%,3%,0%,1%,0%,1%,
0%,3%,3%,7%,0%,0%,1%,0%,0%,0%,0%,0%,8%,0%,0%,2%,64%,0%,0%,11%,
1%,0%,0%,0%,0%,0%,12%,0%,0%,0%,0%,0%,0%,0%,83%,0%,0%,0%,0%,3%,
1%,1%,32%,2%,1%,0%,3%,33%,1%,0%,2%,8%,0%,0%,1%,3%,3%,2%,0%,6%,
4%,0%,0%,0%,68%,1%,12%,0%,0%,1%,0%,0%,1%,0%,0%,1%,0%,9%,0%,1%,
0%,0%,0%,0%,0%,95%,1%,0%,0%,0%,0%,0%,0%,0%,0%,0%,0%,0%,0%,3%,
0%,1%,1%,2%,2%,1%,1%,0%,1%,0%,11%,18%,0%,7%,0%,40%,1%,0%,1%,13%,
0%,0%,1%,0%,0%,0%,2%,0%,0%,0%,50%,24%,0%,0%,0%,2%,0%,16%,0%,2%,
0%,0%,0%,0%,0%,73%,10%,0%,0%,1%,0%,9%,0%,1%,0%,1%,0%,1%,0%,1%,
0%,1%,16%,0%,8%,1%,1%,0%,0%,0%,0%,0%,47%,0%,0%,12%,0%,1%,1%,11%,
1%,0%,0%,0%,74%,0%,0%,0%,0%,0%,0%,0%,1%,0%,0%,18%,0%,1%,0%,3%,
0%,2%,3%,21%,0%,0%,1%,0%,1%,0%,1%,3%,0%,41%,1%,3%,10%,1%,0%,11%,
14%,8%,28%,0%,1%,0%,1%,3%,1%,0%,0%,2%,1%,0%,16%,18%,0%,0%,1%,4%,
11%,1%,1%,0%,2%,0%,1%,0%,14%,0%,0%,1%,0%,5%,0%,33%,0%,1%,0%,28%,
0%,30%,0%,0%,0%,1%,0%,0%,0%,1%,0%,15%,9%,0%,0%,35%,0%,0%,1%,6%,
0%,33%,0%,0%,0%,1%,0%,0%,0%,0%,0%,6%,11%,0%,0%,43%,1%,0%,0%,3%,
1%,0%,2%,0%,0%,0%,33%,0%,0%,0%,60%,0%,0%,0%,0%,1%,0%,1%,0%,1%,
0%,1%,9%,3%,0%,1%,13%,0%,0%,0%,1%,29%,0%,4%,0%,6%,22%,1%,0%,12%,
3%,2%,2%,0%,2%,8%,7%,0%,3%,0%,0%,1%,33%,0%,1%,27%,0%,3%,0%,6%,
77%,0%,0%,0%,0%,2%,6%,0%,0%,0%,0%,0%,0%,0%,0%,1%,0%,12%,0%,0%,
0%,1%,0%,1%,0%,0%,0%,0%,14%,1%,1%,34%,0%,37%,0%,1%,0%,0%,1%,7%,
0%,0%,0%,6%,0%,2%,17%,0%,0%,0%,0%,1%,0%,0%,6%,0%,56%,9%,0%,1%,
15%,0%,0%,1%,1%,0%,25%,0%,0%,46%,0%,0%,0%,0%,0%,2%,0%,0%,0%,8%,
0%,2%,0%,4%,0%,9%,19%,0%,0%,1%,0%,1%,0%,2%,1%,0%,55%,3%,0%,1%,
0%,0%,0%,0%,0%,0%,1%,65%,0%,0%,1%,7%,0%,0%,0%,0%,22%,1%,0%,1%,
0%,4%,1%,2%,5%,0%,2%,0%,9%,2%,0%,0%,34%,0%,1%,12%,1%,0%,0%,26%,
1%,0%,0%,0%,0%,0%,12%,0%,0%,0%,0%,0%,0%,0%,83%,0%,0%,0%,0%,3%,
9%,0%,5%,0%,39%,1%,1%,0%,1%,0%,0%,7%,0%,0%,0%,1%,0%,1%,19%,16%,
0%,1%,0%,0%,0%,57%,22%,0%,0%,13%,0%,2%,0%,0%,0%,1%,0%,0%,0%,2%,
0%,0%,0%,0%,0%,1%,8%,0%,0%,87%,0%,1%,0%,0%,0%,0%,0%,2%,0%,0%,
1%,1%,0%,0%,34%,0%,0%,0%,11%,0%,0%,0%,9%,0%,13%,5%,0%,0%,0%,24%,
0%,2%,5%,0%,0%,1%,1%,0%,0%,0%,0%,16%,1%,0%,8%,57%,1%,1%,0%,5%,
1%,2%,0%,0%,15%,1%,2%,0%,23%,5%,0%,0%,1%,0%,26%,1%,0%,16%,0%,7%,
3%,37%,0%,0%,0%,20%,0%,0%,0%,0%,0%,0%,0%,34%,1%,1%,0%,0%,4%,0%,
0%,46%,1%,3%,1%,5%,11%,0%,0%,0%,0%,1%,0%,0%,0%,3%,1%,0%,0%,26%,
0%,3%,0%,0%,0%,2%,2%,0%,0%,3%,0%,12%,1%,0%,0%,9%,42%,13%,0%,10%,
0%,0%,0%,0%,0%,22%,0%,0%,0%,0%,0%,0%,1%,0%,0%,0%,0%,9%,67%,0%,
8%,1%,22%,3%,3%,0%,11%,0%,0%,2%,0%,1%,0%,0%,0%,2%,0%,0%,0%,45%,
0%,0%,0%,3%,0%,0%,26%,0%,0%,0%,0%,6%,0%,0%,0%,0%,0%,0%,0%,62%,
0%,13%,0%,0%,1%,61%,2%,0%,0%,0%,0%,0%,20%,0%,0%,1%,0%,0%,0%,1%,
1%,0%,0%,0%,0%,0%,27%,63%,0%,1%,0%,0%,0%,0%,0%,0%,0%,5%,0%,1%,
1%,5%,0%,0%,9%,0%,0%,0%,69%,0%,0%,2%,0%,0%,9%,2%,0%,0%,0%,1%,
1%,35%,0%,0%,1%,0%,0%,0%,2%,0%,5%,0%,1%,0%,6%,23%,0%,6%,0%,17%,
2%,0%,24%,0%,1%,0%,14%,0%,0%,0%,1%,1%,0%,0%,0%,2%,0%,49%,0%,4%,
0%,32%,0%,3%,1%,3%,9%,0%,0%,8%,0%,1%,0%,0%,0%,2%,0%,0%,0%,39%,
0%,0%,0%,0%,0%,0%,0%,0%,0%,0%,0%,0%,0%,0%,0%,0%,98%,0%,0%,0%,
0%,0%,0%,0%,0%,0%,0%,0%,0%,0%,0%,0%,0%,0%,0%,0%,99%,0%,0%,0%,
0%,0%,0%,1%,0%,0%,0%,0%,0%,0%,0%,0%,0%,0%,0%,0%,98%,0%,0%,0%,
0%,0%,0%,0%,0%,3%,3%,0%,0%,0%,0%,1%,0%,0%,0%,0%,92%,0%,0%,0%,
12%,0%,0%,1%,1%,0%,22%,0%,0%,49%,0%,0%,0%,0%,0%,5%,0%,0%,0%,9%,
33%,15%,0%,1%,27%,0%,0%,0%,1%,0%,0%,0%,0%,17%,0%,1%,0%,0%,1%,2%,
0%,0%,1%,1%,0%,0%,1%,0%,0%,0%,0%,47%,0%,0%,0%,1%,0%,0%,0%,48%,
8%,0%,0%,0%,0%,0%,28%,0%,0%,59%,0%,0%,0%,0%,0%,0%,0%,0%,0%,2%,
10%,1%,0%,2%,7%,0%,34%,13%,0%,6%,0%,0%,0%,0%,0%,8%,0%,1%,0%,18%,
1%,1%,1%,0%,1%,0%,1%,0%,0%,0%,0%,1%,1%,0%,0%,85%,0%,1%,0%,7%,
0%,0%,0%,0%,1%,9%,67%,0%,0%,1%,0%,1%,2%,0%,0%,14%,0%,1%,0%,3%,
7%,0%,1%,0%,0%,0%,17%,1%,0%,0%,0%,6%,0%,0%,45%,11%,2%,6%,0%,2%,
2%,1%,2%,2%,0%,0%,23%,19%,0%,14%,0%,1%,1%,0%,6%,2%,1%,21%,0%,3%,
0%,1%,0%,0%,0%,1%,0%,0%,0%,97%,0%,0%,0%,0%,0%,0%,0%,0%,0%,0%,
0%,0%,0%,1%,0%,2%,12%,0%,0%,52%,6%,11%,0%,0%,0%,7%,6%,1%,0%,1%,
0%,0%,0%,1%,1%,0%,0%,50%,31%,1%,0%,0%,0%,0%,9%,0%,0%,0%,0%,4%,
1%,1%,74%,1%,1%,0%,3%,0%,0%,0%,1%,3%,1%,0%,1%,4%,1%,2%,0%,7%,
0%,1%,0%,23%,1%,0%,0%,0%,1%,0%,16%,0%,0%,18%,18%,0%,0%,0%,0%,19%,
15%,0%,2%,1%,0%,23%,1%,0%,0%,0%,0%,1%,0%,7%,0%,2%,0%,0%,14%,33%,
0%,1%,0%,1%,0%,0%,0%,0%,0%,0%,0%,1%,0%,0%,0%,6%,61%,0%,0%,28%,
0%,1%,64%,0%,8%,4%,0%,0%,1%,0%,0%,0%,1%,7%,12%,0%,0%,0%,0%,1%,
0%,0%,2%,0%,0%,1%,19%,0%,0%,0%,0%,12%,4%,0%,34%,0%,0%,27%,0%,0%,
3%,0%,2%,1%,0%,0%,34%,16%,0%,0%,18%,1%,0%,0%,0%,1%,7%,1%,0%,14%,
0%,1%,0%,5%,1%,0%,1%,0%,1%,38%,0%,0%,37%,0%,0%,1%,0%,0%,0%,15%,
0%,0%,0%,0%,1%,0%,0%,0%,0%,0%,83%,8%,0%,1%,0%,0%,5%,0%,0%,0%,
0%,1%,0%,1%,5%,0%,0%,0%,7%,0%,0%,0%,7%,0%,0%,3%,0%,0%,0%,75%,
0%,0%,0%,0%,0%,10%,1%,0%,0%,14%,0%,1%,20%,0%,12%,1%,0%,39%,0%,0%,
16%,0%,0%,0%,1%,1%,26%,0%,0%,39%,0%,0%,1%,0%,0%,7%,0%,2%,0%,4%,
0%,2%,0%,29%,21%,0%,0%,0%,13%,1%,0%,0%,0%,0%,0%,0%,0%,0%,0%,33%,
0%,2%,0%,0%,0%,0%,1%,4%,0%,0%,0%,26%,0%,0%,0%,1%,63%,1%,0%,1%,
9%,10%,0%,5%,48%,0%,12%,2%,0%,1%,0%,0%,1%,0%,1%,1%,0%,0%,0%,8%,
0%,0%,26%,0%,0%,0%,0%,0%,0%,0%,0%,71%,0%,0%,0%,1%,0%,0%,0%,0%,
0%,1%,0%,92%,0%,0%,1%,0%,0%,0%,0%,0%,0%,0%,0%,0%,0%,0%,0%,3%,
47%,0%,0%,0%,4%,0%,22%,3%,0%,1%,0%,0%,0%,0%,0%,14%,0%,7%,0%,0%,
0%,1%,0%,85%,1%,0%,2%,0%,0%,1%,0%,0%,0%,1%,0%,0%,1%,0%,0%,5%,
0%,1%,0%,85%,1%,0%,2%,0%,0%,1%,0%,0%,0%,1%,0%,0%,1%,0%,0%,5%,
73%,7%,0%,0%,0%,1%,0%,0%,15%,0%,0%,0%,0%,0%,0%,1%,2%,0%,0%,1%,
0%,3%,1%,34%,1%,1%,2%,0%,1%,1%,1%,2%,1%,37%,1%,2%,1%,1%,0%,9%,
0%,2%,0%,1%,3%,0%,0%,0%,4%,0%,0%,0%,2%,0%,0%,21%,0%,0%,0%,66%,
10%,0%,0%,1%,0%,0%,29%,0%,0%,53%,0%,0%,0%,0%,0%,0%,0%,0%,0%,4%,
33%,0%,0%,1%,1%,0%,35%,3%,0%,16%,0%,1%,0%,0%,1%,1%,0%,1%,0%,4%,
0%,8%,1%,2%,6%,19%,2%,0%,1%,0%,0%,0%,35%,0%,1%,3%,0%,0%,0%,22%,
0%,0%,0%,0%,69%,1%,1%,0%,1%,1%,0%,0%,8%,0%,1%,2%,0%,13%,1%,1%,
0%,6%,0%,1%,69%,0%,0%,0%,12%,1%,7%,0%,1%,0%,0%,1%,0%,0%,0%,2%,
1%,1%,59%,1%,2%,1%,1%,0%,0%,0%,0%,2%,1%,0%,0%,2%,0%,1%,26%,2%,
0%,0%,57%,1%,1%,0%,0%,0%,26%,0%,7%,1%,0%,0%,1%,1%,0%,1%,1%,2%,
62%,0%,6%,0%,1%,1%,1%,0%,0%,0%,0%,1%,0%,0%,0%,14%,0%,9%,3%,1%,
0%,1%,0%,1%,4%,0%,0%,0%,26%,2%,0%,0%,3%,0%,1%,2%,0%,0%,50%,9%,
82%,0%,0%,0%,1%,1%,1%,0%,0%,0%,0%,0%,0%,0%,0%,1%,0%,2%,9%,0%,
0%,3%,1%,34%,1%,1%,2%,0%,1%,1%,1%,2%,1%,37%,1%,2%,1%,1%,0%,9%,
0%,1%,0%,3%,1%,0%,0%,0%,0%,0%,50%,11%,0%,1%,0%,1%,0%,0%,29%,1%,
0%,3%,1%,34%,1%,1%,2%,0%,1%,1%,1%,2%,1%,37%,1%,2%,1%,1%,0%,9%,
0%,18%,0%,9%,0%,0%,0%,0%,0%,3%,0%,36%,0%,3%,1%,4%,0%,0%,0%,24%,
0%,3%,1%,34%,1%,1%,2%,0%,1%,1%,1%,2%,1%,37%,1%,2%,1%,1%,0%,9%,
27%,0%,34%,0%,0%,0%,21%,0%,0%,0%,0%,0%,0%,0%,0%,1%,0%,0%,0%,15%,
0%,1%,1%,1%,0%,1%,0%,0%,0%,0%,0%,44%,0%,0%,0%,2%,0%,0%,11%,38%,
1%,1%,79%,1%,1%,0%,2%,0%,0%,0%,0%,2%,0%,0%,1%,3%,0%,1%,0%,6%,
0%,2%,16%,4%,0%,1%,17%,0%,0%,17%,0%,18%,0%,0%,0%,2%,5%,0%,0%,17%,
1%,1%,0%,6%,1%,3%,16%,0%,0%,12%,0%,1%,0%,47%,0%,1%,0%,1%,0%,8%,
0%,0%,0%,0%,0%,0%,0%,0%,0%,0%,0%,98%,0%,0%,0%,0%,0%,0%,0%,0%,
0%,11%,0%,0%,0%,30%,0%,0%,0%,0%,0%,0%,43%,0%,12%,1%,0%,0%,0%,0%,
0%,3%,0%,0%,1%,29%,0%,0%,0%,0%,0%,0%,15%,0%,0%,1%,0%,0%,49%,0%,
1%,2%,0%,6%,2%,0%,4%,5%,1%,16%,13%,1%,1%,0%,11%,4%,1%,1%,0%,32%,
0%,0%,41%,0%,0%,0%,8%,0%,0%,0%,0%,1%,0%,0%,0%,31%,0%,1%,0%,16%,
1%,3%,1%,0%,0%,3%,15%,0%,0%,2%,0%,47%,0%,0%,3%,18%,1%,3%,0%,2%,
0%,8%,0%,4%,0%,0%,4%,0%,0%,0%,0%,16%,0%,0%,0%,52%,6%,0%,0%,8%,
0%,3%,1%,34%,1%,1%,2%,0%,1%,1%,1%,2%,1%,37%,1%,2%,1%,1%,0%,9%,
1%,0%,53%,3%,1%,0%,7%,0%,0%,0%,1%,1%,0%,0%,0%,2%,0%,1%,0%,29%,
20%,2%,0%,5%,58%,0%,1%,0%,0%,0%,0%,0%,0%,0%,0%,2%,0%,0%,0%,11%,
0%,0%,0%,0%,0%,0%,1%,0%,0%,0%,0%,2%,0%,0%,0%,1%,93%,0%,0%,1%,
0%,2%,0%,4%,12%,1%,5%,0%,0%,36%,1%,0%,2%,0%,1%,19%,0%,0%,0%,15%,
0%,2%,0%,1%,4%,0%,0%,0%,0%,0%,0%,0%,0%,0%,0%,6%,0%,0%,0%,86%,
0%,2%,0%,0%,10%,14%,1%,0%,2%,1%,0%,0%,17%,0%,21%,26%,0%,2%,1%,3%,
0%,2%,0%,1%,1%,83%,1%,0%,3%,1%,0%,2%,1%,1%,0%,1%,0%,0%,0%,2%,
0%,8%,0%,1%,1%,0%,5%,0%,0%,0%,0%,0%,0%,0%,0%,4%,0%,0%,0%,78%,
0%,16%,0%,0%,1%,16%,0%,0%,0%,0%,0%,0%,18%,0%,0%,0%,0%,0%,48%,0%,
2%,2%,1%,4%,38%,3%,22%,0%,1%,2%,1%,1%,2%,0%,1%,4%,0%,2%,1%,12%,
0%,0%,0%,0%,2%,0%,0%,0%,3%,70%,0%,0%,20%,0%,0%,1%,0%,0%,0%,1%,
0%,0%,0%,0%,1%,32%,1%,0%,1%,37%,0%,2%,0%,0%,0%,8%,0%,0%,16%,1%,
0%,0%,0%,0%,0%,0%,1%,0%,0%,0%,0%,2%,0%,0%,0%,1%,93%,0%,0%,1%,
0%,0%,26%,0%,0%,0%,0%,0%,0%,0%,0%,7%,0%,21%,0%,42%,0%,0%,0%,1%,
22%,1%,0%,0%,6%,15%,34%,0%,0%,1%,0%,0%,4%,0%,0%,12%,0%,2%,2%,1%,
0%,0%,11%,0%,0%,0%,0%,0%,0%,0%,0%,7%,0%,0%,0%,1%,80%,0%,0%,1%,
0%,0%,86%,3%,0%,0%,1%,0%,0%,0%,0%,1%,0%,0%,0%,1%,0%,0%,0%,4%,
0%,2%,0%,1%,0%,1%,4%,0%,0%,1%,0%,55%,0%,0%,0%,1%,0%,0%,9%,25%,
0%,8%,0%,1%,0%,0%,1%,27%,1%,1%,1%,2%,1%,0%,2%,13%,37%,3%,0%,3%,
0%,50%,5%,0%,0%,10%,1%,0%,0%,0%,0%,0%,0%,0%,1%,29%,0%,0%,0%,2%,
0%,0%,0%,1%,2%,0%,31%,0%,0%,2%,36%,3%,0%,0%,0%,6%,0%,0%,0%,17%,
0%,2%,0%,13%,1%,1%,2%,0%,10%,2%,1%,3%,1%,1%,1%,10%,39%,1%,0%,11%,
3%,1%,0%,7%,72%,0%,3%,0%,1%,1%,1%,0%,0%,0%,0%,1%,0%,0%,0%,7%,
0%,1%,0%,0%,0%,1%,3%,0%,0%,1%,0%,11%,6%,0%,28%,38%,1%,3%,0%,5%,
1%,0%,0%,0%,0%,0%,16%,0%,0%,0%,69%,0%,0%,0%,0%,0%,0%,12%,0%,0%,
91%,0%,0%,0%,0%,0%,9%,0%,0%,0%,0%,0%,0%,0%,0%,0%,0%,0%,0%,0%,
0%,43%,0%,1%,0%,0%,0%,0%,0%,3%,0%,0%,0%,50%,0%,0%,0%,0%,0%,1%,
0%,37%,0%,1%,0%,0%,0%,0%,0%,0%,0%,0%,0%,58%,0%,1%,0%,0%,0%,1%,
0%,1%,41%,2%,0%,1%,2%,0%,0%,0%,1%,37%,0%,1%,1%,2%,2%,2%,1%,6%,
4%,0%,0%,0%,0%,0%,1%,0%,0%,0%,0%,0%,0%,0%,0%,0%,0%,95%,0%,0%,
0%,1%,0%,0%,0%,1%,1%,0%,0%,0%,0%,18%,0%,0%,3%,0%,0%,74%,0%,0%,
13%,4%,3%,0%,2%,0%,0%,0%,72%,0%,0%,0%,0%,0%,1%,1%,0%,0%,0%,3%,
0%,20%,0%,2%,29%,1%,1%,0%,1%,1%,0%,0%,3%,0%,1%,5%,0%,0%,0%,32%,
,,,,,,,,,,,,,,,,,,,,
Sum,,,,,,,,,,,,,,,,,,,,
 71.33 , 67.38 , 114.86 , 50.19 , 97.36 , 58.52 , 107.39 , 26.37 , 52.68 , 64.23 , 49.11 , 72.79 , 60.48 , 32.54 , 56.03 , 113.95 , 61.66 , 64.32 , 39.07 , 122.74 ,
,,,,,,,,,,,,,,,,,,,,
,,,,,,,,,,,,,,,,,,,,
2018.09,10%,19%,19%,22%,27%,16%,23%,10%,34%,25%,32%,9%,30%,27%,13%,16%,20%,17%,5%,25%
2018.12,19%,17%,15%,19%,23%,24%,28%,25%,21%,17%,17%,16%,23%,17%,16%,15%,27%,16%,32%,19%
2019.03,29%,14%,26%,20%,24%,17%,23%,24%,18%,18%,21%,18%,13%,12%,26%,17%,15%,21%,16%,19%
2019.06,16%,16%,22%,20%,17%,21%,17%,18%,15%,20%,11%,24%,31%,30%,20%,26%,13%,24%,23%,19%
2019.09,17%,33%,16%,21%,15%,20%,13%,16%,24%,24%,29%,23%,11%,20%,17%,22%,27%,19%,15%,22%
,,,,,,,,,,,,,,,,,,,,
,,,,,,,,,,,,,,,,,,,,
 5.40 ,51,4%,16%,,,,,,,,,,,,,,,,,
 0.99 ,279,20%,0%,,,,,,,,,,,,,,,,,
 0.79 ,350,25%,-5%,,,,,,,,,,,,,,,,,
 0.79 ,350,25%,-5%,,,,,,,,,,,,,,,,,
 0.79 ,348,25%,-5%,,,,,,,,,,,,,,,,,
,1378,100%,,,,4,,,,,,,,,,,,,,
,,,,,, (0.80),,,,,,,,,,,,,,